0,LluviaDiariaSantaFe,2,LluviaDiariaCordoba,0.06039971531902934,0.00020072682841660634
0,LluviaDiariaSantaFe,3,CotizacionDolar,0.25834566509294515,9.058022300238393e-59
0,LluviaDiariaSantaFe,4,PrecioPromedioDiarioMaizUSD,0.020520365484333513,0.20688507396690597
0,LluviaDiariaSantaFe,5,SuperficieSembradaMaizSantaFe,0.03398574815975611,0.03654630577462994
0,LluviaDiariaSantaFe,6,SuperficieSembradaMaizBuenosAires,0.01855974820586922,0.2536367254132129
0,LluviaDiariaSantaFe,7,SuperficieSembradaMaizCordoba,-0.015996804542494084,0.3251652012919847
0,LluviaDiariaSantaFe,8,SuperficieCosechadaMaizSantaFe,0.02344307903001098,0.14930373542186884
0,LluviaDiariaSantaFe,9,SuperficieCosechadaMaizBuenosAires,0.009854015018547022,0.5444771242719597
0,LluviaDiariaSantaFe,10,SuperficieCosechadaMaizCordoba,-0.03180335909901553,0.05041027110750857
0,LluviaDiariaSantaFe,11,ProduccionMaizSantaFe,0.028714233426779538,0.07733749806725466
0,LluviaDiariaSantaFe,12,ProduccionMaizBuenosAires,0.012407707473416314,0.4453867023316196
0,LluviaDiariaSantaFe,13,ProduccionMaizCordoba,0.018889399038696703,0.24530042602799984
0,LluviaDiariaSantaFe,14,RendimientoMaizSantaFe,0.027827380704629912,0.08693870412998475
0,LluviaDiariaSantaFe,15,RendimientoMaizBuenosAires,0.004712705502656231,0.7719366731060909
0,LluviaDiariaSantaFe,16,RendimientoMaizCordoba,0.005680266094405077,0.7268260179782235
0,LluviaDiariaSantaFe,17,PromedioIncendiosMensualesSantaFe,0.03373865273953007,0.037932202432655736
0,LluviaDiariaSantaFe,18,PromedioIncendiosMensualesBuenosAires,-0.003786481687858371,0.8158567980358997
0,LluviaDiariaSantaFe,19,PromedioIncendioMensualesCordoba,-0.0188351408361443,0.24665915037941363
0,LluviaDiariaSantaFe,20,VariacionMaizDiaAnterior,-0.006971262857959048,0.668103680252681
0,LluviaDiariaSantaFe,21,VariacionMaizTresDia,0.0014308670253341939,0.9298756622121988
0,LluviaDiariaSantaFe,22,VariacionMaizSieteDias,-0.005453239583128045,0.7373325599861366
0,LluviaDiariaSantaFe,23,LluviaAcumuladaSieteDiasSantaFe,-0.0018403903910095994,0.9098816312656673
0,LluviaDiariaSantaFe,24,LluviaDiariaAcumuladaSieteDiasBuenosAires,0.13214497949257145,3.2679079195120425e-16
0,LluviaDiariaSantaFe,25,LluviaDiariaAcumuladaSieteDiasCordoba,0.15281958375314822,3.2520438003678998e-21
0,LluviaDiariaSantaFe,26,LluviaDiariaAcumuladaSieteDiasSantaFe,nan,1.0
0,LluviaDiariaSantaFe,27,LluviaDiariaAcumuladaSieteDiasBuenosAires.1,0.13214497949257145,3.2679079195120425e-16
0,LluviaDiariaSantaFe,28,LluviaDiariaAcumuladaSieteDiasCordoba.1,0.15281958375314822,3.2520438003678998e-21
0,LluviaDiariaSantaFe,29,LluviaDiariaAcumuladaTreintaDiasSantaFe,nan,1.0
0,LluviaDiariaSantaFe,30,LluviaDiariaAcumuladaTreintaDiasBuenosAires,0.13979571900463847,5.612530973381557e-18
0,LluviaDiariaSantaFe,31,LluviaDiariaAcumuladaTreintaDiasCordoba,0.14603695398746794,1.7164218640968195e-19
0,LluviaDiariaSantaFe,32,LluviaDiariaAcumuladaCuarentaCincoDiasSantaFe,nan,1.0
0,LluviaDiariaSantaFe,33,LluviaDiariaAcumuladaCuarentaCincoDiasBuenosAires,0.1352460320194922,6.470228320198996e-17
0,LluviaDiariaSantaFe,34,LluviaDiariaAcumuladaCuarentaCincoDiasCordoba,0.15414103667478551,1.469746991070653e-21
0,LluviaDiariaSantaFe,35,LluviaDiariaAcumuladaSesentaDiasSantaFe,nan,1.0
0,LluviaDiariaSantaFe,36,LluviaDiariaAcumuladaSesentaDiasBuenosAires,0.12688134044823013,4.6830320393006735e-15
0,LluviaDiariaSantaFe,37,LluviaDiariaAcumuladaSesentaDiasCordoba,0.1443010814523387,4.598528800707214e-19
0,LluviaDiariaSantaFe,38,PrecioPromedioTreintaDiasMaiz,nan,1.0
0,LluviaDiariaSantaFe,39,PrecioPromedioSesentaDiasMaiz,0.03304794301211311,0.04204535281883504
0,LluviaDiariaSantaFe,40,PrecioPromedioNoventaDiasMaiz,0.028719066505233273,0.07728764270239195
0,LluviaDiariaSantaFe,41,PrecioRealDiaSiguiente,0.025831858091990012,0.11206560462918759
1,LluviaDiariaBuenosAires,3,CotizacionDolar,0.026584425793453974,0.10198927069467045
1,LluviaDiariaBuenosAires,4,PrecioPromedioDiarioMaizUSD,0.17175889832734625,1.8857931751323365e-26
1,LluviaDiariaBuenosAires,5,SuperficieSembradaMaizSantaFe,0.12826367704480324,2.3520194972192263e-15
1,LluviaDiariaBuenosAires,6,SuperficieSembradaMaizBuenosAires,0.11383750937109834,2.154788901621856e-12
1,LluviaDiariaBuenosAires,7,SuperficieSembradaMaizCordoba,-0.011010533458319077,0.4982849581835317
1,LluviaDiariaBuenosAires,8,SuperficieCosechadaMaizSantaFe,0.16601360648715763,8.530371816510549e-25
1,LluviaDiariaBuenosAires,9,SuperficieCosechadaMaizBuenosAires,0.07406176396674824,5.085872956398115e-06
1,LluviaDiariaBuenosAires,10,SuperficieCosechadaMaizCordoba,-0.11095141845336558,7.65400758850364e-12
1,LluviaDiariaBuenosAires,11,ProduccionMaizSantaFe,0.16820713637945017,2.0222332957536858e-25
1,LluviaDiariaBuenosAires,12,ProduccionMaizBuenosAires,0.14412238916321513,5.086054749788876e-19
1,LluviaDiariaBuenosAires,13,ProduccionMaizCordoba,0.1497947556248965,1.9507638592602113e-20
1,LluviaDiariaBuenosAires,14,RendimientoMaizSantaFe,0.16708175522058177,4.242484971982363e-25
1,LluviaDiariaBuenosAires,15,RendimientoMaizBuenosAires,0.09133082793158041,1.814693266267221e-08
1,LluviaDiariaBuenosAires,16,RendimientoMaizCordoba,0.10810508260342411,2.5890327594775436e-11
1,LluviaDiariaBuenosAires,17,PromedioIncendiosMensualesSantaFe,0.09582698401328787,3.4807220408993194e-09
1,LluviaDiariaBuenosAires,18,PromedioIncendiosMensualesBuenosAires,-0.02025447163426852,0.21283086416877142
1,LluviaDiariaBuenosAires,19,PromedioIncendioMensualesCordoba,-0.10211992241325914,3.0336236214126806e-10
1,LluviaDiariaBuenosAires,20,VariacionMaizDiaAnterior,-0.08368625011946333,2.5238805864347626e-07
1,LluviaDiariaBuenosAires,21,VariacionMaizTresDia,-0.00029807939449100543,0.9853736092721114
1,LluviaDiariaBuenosAires,22,VariacionMaizSieteDias,0.0026783749915620897,0.8691598074291856
1,LluviaDiariaBuenosAires,23,LluviaAcumuladaSieteDiasSantaFe,0.00376814262795218,0.8167327734452239
1,LluviaDiariaBuenosAires,24,LluviaDiariaAcumuladaSieteDiasBuenosAires,0.028550445738851456,0.07904258380197131
1,LluviaDiariaBuenosAires,25,LluviaDiariaAcumuladaSieteDiasCordoba,0.031331920515085106,0.05392357516669311
1,LluviaDiariaBuenosAires,26,LluviaDiariaAcumuladaSieteDiasSantaFe,nan,1.0
1,LluviaDiariaBuenosAires,27,LluviaDiariaAcumuladaSieteDiasBuenosAires.1,0.028550445738851456,0.07904258380197131
1,LluviaDiariaBuenosAires,28,LluviaDiariaAcumuladaSieteDiasCordoba.1,0.031331920515085106,0.05392357516669311
1,LluviaDiariaBuenosAires,29,LluviaDiariaAcumuladaTreintaDiasSantaFe,nan,1.0
1,LluviaDiariaBuenosAires,30,LluviaDiariaAcumuladaTreintaDiasBuenosAires,0.04079131706346372,0.012080178792421202
1,LluviaDiariaBuenosAires,31,LluviaDiariaAcumuladaTreintaDiasCordoba,0.04455556613770541,0.006113714152427339
1,LluviaDiariaBuenosAires,32,LluviaDiariaAcumuladaCuarentaCincoDiasSantaFe,nan,1.0
1,LluviaDiariaBuenosAires,33,LluviaDiariaAcumuladaCuarentaCincoDiasBuenosAires,0.04789804646343586,0.0032033510899478505
1,LluviaDiariaBuenosAires,34,LluviaDiariaAcumuladaCuarentaCincoDiasCordoba,0.05325321266688509,0.0010472832668964962
1,LluviaDiariaBuenosAires,35,LluviaDiariaAcumuladaSesentaDiasSantaFe,nan,1.0
1,LluviaDiariaBuenosAires,36,LluviaDiariaAcumuladaSesentaDiasBuenosAires,0.06086342805303642,0.0001791774733824439
1,LluviaDiariaBuenosAires,37,LluviaDiariaAcumuladaSesentaDiasCordoba,0.05513449710101217,0.0006901441036952357
1,LluviaDiariaBuenosAires,38,PrecioPromedioTreintaDiasMaiz,nan,1.0
1,LluviaDiariaBuenosAires,39,PrecioPromedioSesentaDiasMaiz,0.12749267129079042,3.4566765262599562e-15
1,LluviaDiariaBuenosAires,40,PrecioPromedioNoventaDiasMaiz,0.12674172668663578,5.0182660747887645e-15
1,LluviaDiariaBuenosAires,41,PrecioRealDiaSiguiente,0.12771688857699762,3.0912503775075516e-15
2,LluviaDiariaCordoba,4,PrecioPromedioDiarioMaizUSD,-0.001765074508413064,0.9135548558474977
2,LluviaDiariaCordoba,5,SuperficieSembradaMaizSantaFe,-0.020985030573158307,0.19678546802337465
2,LluviaDiariaCordoba,6,SuperficieSembradaMaizBuenosAires,0.011169699458108683,0.492094921859772
2,LluviaDiariaCordoba,7,SuperficieSembradaMaizCordoba,-0.022430704206062146,0.16767672910001002
2,LluviaDiariaCordoba,8,SuperficieCosechadaMaizSantaFe,-0.017159751792101496,0.2912253618941747
2,LluviaDiariaCordoba,9,SuperficieCosechadaMaizBuenosAires,-0.022469538221508593,0.16694199517511787
2,LluviaDiariaCordoba,10,SuperficieCosechadaMaizCordoba,-0.006003247753185578,0.7119672774510818
2,LluviaDiariaCordoba,11,ProduccionMaizSantaFe,-0.032768096026922454,0.04381610011011809
2,LluviaDiariaCordoba,12,ProduccionMaizBuenosAires,-0.03438003301038118,0.03442422530529083
2,LluviaDiariaCordoba,13,ProduccionMaizCordoba,0.0005749885587824188,0.9717903134040651
2,LluviaDiariaCordoba,14,RendimientoMaizSantaFe,0.00037599325697991925,0.9815510820481903
2,LluviaDiariaCordoba,15,RendimientoMaizBuenosAires,-0.01450332746913543,0.37237629850044696
2,LluviaDiariaCordoba,16,RendimientoMaizCordoba,-0.005519112286156651,0.734278885047623
2,LluviaDiariaCordoba,17,PromedioIncendiosMensualesSantaFe,-0.01716105181143648,0.291188805258005
2,LluviaDiariaCordoba,18,PromedioIncendiosMensualesBuenosAires,0.005680556832234908,0.7268125953270903
2,LluviaDiariaCordoba,19,PromedioIncendioMensualesCordoba,-0.019092348438926803,0.24026476588944579
2,LluviaDiariaCordoba,20,VariacionMaizDiaAnterior,-0.013549938286513893,0.40462650188739047
2,LluviaDiariaCordoba,21,VariacionMaizTresDia,0.0039481310713023665,0.8081455907582585
2,LluviaDiariaCordoba,22,VariacionMaizSieteDias,0.002865742909308618,0.8600980313285577
2,LluviaDiariaCordoba,23,LluviaAcumuladaSieteDiasSantaFe,-0.0009576099593332718,0.9530357623954888
2,LluviaDiariaCordoba,24,LluviaDiariaAcumuladaSieteDiasBuenosAires,0.0720348317875669,9.162366791580381e-06
2,LluviaDiariaCordoba,25,LluviaDiariaAcumuladaSieteDiasCordoba,0.07145089821130803,1.0825100554130583e-05
2,LluviaDiariaCordoba,26,LluviaDiariaAcumuladaSieteDiasSantaFe,nan,1.0
2,LluviaDiariaCordoba,27,LluviaDiariaAcumuladaSieteDiasBuenosAires.1,0.0720348317875669,9.162366791580381e-06
2,LluviaDiariaCordoba,28,LluviaDiariaAcumuladaSieteDiasCordoba.1,0.07145089821130803,1.0825100554130583e-05
2,LluviaDiariaCordoba,29,LluviaDiariaAcumuladaTreintaDiasSantaFe,nan,1.0
2,LluviaDiariaCordoba,30,LluviaDiariaAcumuladaTreintaDiasBuenosAires,0.08013736147432601,7.95161157784019e-07
2,LluviaDiariaCordoba,31,LluviaDiariaAcumuladaTreintaDiasCordoba,0.10350773005409823,1.735534933588087e-10
2,LluviaDiariaCordoba,32,LluviaDiariaAcumuladaCuarentaCincoDiasSantaFe,nan,1.0
2,LluviaDiariaCordoba,33,LluviaDiariaAcumuladaCuarentaCincoDiasBuenosAires,0.06911612361903384,2.0823588822106793e-05
2,LluviaDiariaCordoba,34,LluviaDiariaAcumuladaCuarentaCincoDiasCordoba,0.10506471489195426,9.194577003669614e-11
2,LluviaDiariaCordoba,35,LluviaDiariaAcumuladaSesentaDiasSantaFe,nan,1.0
2,LluviaDiariaCordoba,36,LluviaDiariaAcumuladaSesentaDiasBuenosAires,0.07126683608254944,1.1406373504150018e-05
2,LluviaDiariaCordoba,37,LluviaDiariaAcumuladaSesentaDiasCordoba,0.09853917113328339,1.238726348378769e-09
2,LluviaDiariaCordoba,38,PrecioPromedioTreintaDiasMaiz,nan,1.0
2,LluviaDiariaCordoba,39,PrecioPromedioSesentaDiasMaiz,-0.025684181180841602,0.11413206830941774
2,LluviaDiariaCordoba,40,PrecioPromedioNoventaDiasMaiz,-0.03193274015300161,0.04948031928796477
2,LluviaDiariaCordoba,41,PrecioRealDiaSiguiente,-0.03269759649562252,0.044271987382864086
3,CotizacionDolar,5,SuperficieSembradaMaizSantaFe,0.6235912043051278,0.0
3,CotizacionDolar,6,SuperficieSembradaMaizBuenosAires,0.5724694715471743,0.0
3,CotizacionDolar,7,SuperficieSembradaMaizCordoba,-0.07970508625739427,9.115193056486609e-07
3,CotizacionDolar,8,SuperficieCosechadaMaizSantaFe,0.83038031895628,0.0
3,CotizacionDolar,9,SuperficieCosechadaMaizBuenosAires,0.25078639035775857,2.2414065319703616e-55
3,CotizacionDolar,10,SuperficieCosechadaMaizCordoba,-0.3579479854315222,8.431482667133601e-115
3,CotizacionDolar,11,ProduccionMaizSantaFe,0.7844060391134953,0.0
3,CotizacionDolar,12,ProduccionMaizBuenosAires,0.6994921805128772,0.0
3,CotizacionDolar,13,ProduccionMaizCordoba,0.8528965200495097,0.0
3,CotizacionDolar,14,RendimientoMaizSantaFe,0.8562194941351678,0.0
3,CotizacionDolar,15,RendimientoMaizBuenosAires,0.5003957460796276,4.5496023835270285e-239
3,CotizacionDolar,16,RendimientoMaizCordoba,0.6535395316221845,0.0
3,CotizacionDolar,17,PromedioIncendiosMensualesSantaFe,0.5270975929779389,1.0120018492986511e-269
3,CotizacionDolar,18,PromedioIncendiosMensualesBuenosAires,-0.22046713157814407,6.860478912902342e-43
3,CotizacionDolar,19,PromedioIncendioMensualesCordoba,-0.49428688257097303,1.9741061083445336e-232
3,CotizacionDolar,20,VariacionMaizDiaAnterior,-0.4025753072245633,1.8115687617569826e-147
3,CotizacionDolar,21,VariacionMaizTresDia,-0.007710366118482164,0.635349993501874
3,CotizacionDolar,22,VariacionMaizSieteDias,-0.01098662280561442,0.49921841780294607
3,CotizacionDolar,23,LluviaAcumuladaSieteDiasSantaFe,-0.011252150193326635,0.48890466356113527
3,CotizacionDolar,24,LluviaDiariaAcumuladaSieteDiasBuenosAires,0.042253527661606845,0.00932675379981068
3,CotizacionDolar,25,LluviaDiariaAcumuladaSieteDiasCordoba,0.010346489354338741,0.5245501741768266
3,CotizacionDolar,26,LluviaDiariaAcumuladaSieteDiasSantaFe,nan,1.0
3,CotizacionDolar,27,LluviaDiariaAcumuladaSieteDiasBuenosAires.1,0.042253527661606845,0.00932675379981068
3,CotizacionDolar,28,LluviaDiariaAcumuladaSieteDiasCordoba.1,0.010346489354338741,0.5245501741768266
3,CotizacionDolar,29,LluviaDiariaAcumuladaTreintaDiasSantaFe,nan,1.0
3,CotizacionDolar,30,LluviaDiariaAcumuladaTreintaDiasBuenosAires,0.05982171662391414,0.00023099843815338095
3,CotizacionDolar,31,LluviaDiariaAcumuladaTreintaDiasCordoba,0.01879633426842677,0.24763416502913776
3,CotizacionDolar,32,LluviaDiariaAcumuladaCuarentaCincoDiasSantaFe,nan,1.0
3,CotizacionDolar,33,LluviaDiariaAcumuladaCuarentaCincoDiasBuenosAires,0.07136186907598396,1.1102635025492038e-05
3,CotizacionDolar,34,LluviaDiariaAcumuladaCuarentaCincoDiasCordoba,0.023358616099878535,0.15077528623497793
3,CotizacionDolar,35,LluviaDiariaAcumuladaSesentaDiasSantaFe,nan,1.0
3,CotizacionDolar,36,LluviaDiariaAcumuladaSesentaDiasBuenosAires,0.0800414534135142,8.196726312321015e-07
3,CotizacionDolar,37,LluviaDiariaAcumuladaSesentaDiasCordoba,0.02702910223767835,0.09638282192654783
3,CotizacionDolar,38,PrecioPromedioTreintaDiasMaiz,nan,1.0
3,CotizacionDolar,39,PrecioPromedioSesentaDiasMaiz,0.6416929245669305,0.0
3,CotizacionDolar,40,PrecioPromedioNoventaDiasMaiz,0.6501056213329319,0.0
3,CotizacionDolar,41,PrecioRealDiaSiguiente,0.6577915471480243,0.0
4,PrecioPromedioDiarioMaizUSD,6,SuperficieSembradaMaizBuenosAires,0.5110051394510489,6.380364852270308e-251
4,PrecioPromedioDiarioMaizUSD,7,SuperficieSembradaMaizCordoba,-0.1909861383225864,2.0195346814757127e-32
4,PrecioPromedioDiarioMaizUSD,8,SuperficieCosechadaMaizSantaFe,0.6173614219764303,0.0
4,PrecioPromedioDiarioMaizUSD,9,SuperficieCosechadaMaizBuenosAires,0.2867913028097202,1.40609931255626e-72
4,PrecioPromedioDiarioMaizUSD,10,SuperficieCosechadaMaizCordoba,-0.31487743869652546,6.934122753334848e-88
4,PrecioPromedioDiarioMaizUSD,11,ProduccionMaizSantaFe,0.6535447278237969,0.0
4,PrecioPromedioDiarioMaizUSD,12,ProduccionMaizBuenosAires,0.6790639477257209,0.0
4,PrecioPromedioDiarioMaizUSD,13,ProduccionMaizCordoba,0.6569486704879912,0.0
4,PrecioPromedioDiarioMaizUSD,14,RendimientoMaizSantaFe,0.6202781903824772,0.0
4,PrecioPromedioDiarioMaizUSD,15,RendimientoMaizBuenosAires,0.38998800632118436,9.868370500909713e-138
4,PrecioPromedioDiarioMaizUSD,16,RendimientoMaizCordoba,0.49138105852389186,2.5442825963340456e-229
4,PrecioPromedioDiarioMaizUSD,17,PromedioIncendiosMensualesSantaFe,0.3311989205709828,1.4019764092154896e-97
4,PrecioPromedioDiarioMaizUSD,18,PromedioIncendiosMensualesBuenosAires,0.13877714426735258,9.771345852898014e-18
4,PrecioPromedioDiarioMaizUSD,19,PromedioIncendioMensualesCordoba,-0.30282869910803767,4.137070604683847e-81
4,PrecioPromedioDiarioMaizUSD,20,VariacionMaizDiaAnterior,-0.3345388112789115,1.2253732657110449e-99
4,PrecioPromedioDiarioMaizUSD,21,VariacionMaizTresDia,0.13135421000062494,4.908999958330871e-16
4,PrecioPromedioDiarioMaizUSD,22,VariacionMaizSieteDias,0.18621562594831204,7.059837622960475e-31
4,PrecioPromedioDiarioMaizUSD,23,LluviaAcumuladaSieteDiasSantaFe,0.23061236025698428,7.18016167106263e-47
4,PrecioPromedioDiarioMaizUSD,24,LluviaDiariaAcumuladaSieteDiasBuenosAires,0.037975637878261206,0.019469275900467507
4,PrecioPromedioDiarioMaizUSD,25,LluviaDiariaAcumuladaSieteDiasCordoba,0.007512344698312888,0.6440590980383178
4,PrecioPromedioDiarioMaizUSD,26,LluviaDiariaAcumuladaSieteDiasSantaFe,nan,1.0
4,PrecioPromedioDiarioMaizUSD,27,LluviaDiariaAcumuladaSieteDiasBuenosAires.1,0.037975637878261206,0.019469275900467507
4,PrecioPromedioDiarioMaizUSD,28,LluviaDiariaAcumuladaSieteDiasCordoba.1,0.007512344698312888,0.6440590980383178
4,PrecioPromedioDiarioMaizUSD,29,LluviaDiariaAcumuladaTreintaDiasSantaFe,nan,1.0
4,PrecioPromedioDiarioMaizUSD,30,LluviaDiariaAcumuladaTreintaDiasBuenosAires,0.07701210453935152,2.1011243144017058e-06
4,PrecioPromedioDiarioMaizUSD,31,LluviaDiariaAcumuladaTreintaDiasCordoba,0.012483623538324539,0.4426071201091797
4,PrecioPromedioDiarioMaizUSD,32,LluviaDiariaAcumuladaCuarentaCincoDiasSantaFe,nan,1.0
4,PrecioPromedioDiarioMaizUSD,33,LluviaDiariaAcumuladaCuarentaCincoDiasBuenosAires,0.08708976836781061,8.032541784141698e-08
4,PrecioPromedioDiarioMaizUSD,34,LluviaDiariaAcumuladaCuarentaCincoDiasCordoba,0.014511125530305246,0.37211925682821134
4,PrecioPromedioDiarioMaizUSD,35,LluviaDiariaAcumuladaSesentaDiasSantaFe,nan,1.0
4,PrecioPromedioDiarioMaizUSD,36,LluviaDiariaAcumuladaSesentaDiasBuenosAires,0.10114042087615209,4.4793229052473323e-10
4,PrecioPromedioDiarioMaizUSD,37,LluviaDiariaAcumuladaSesentaDiasCordoba,0.013773448880041696,0.39691972006049314
4,PrecioPromedioDiarioMaizUSD,38,PrecioPromedioTreintaDiasMaiz,nan,1.0
4,PrecioPromedioDiarioMaizUSD,39,PrecioPromedioSesentaDiasMaiz,0.9256898621620734,0.0
4,PrecioPromedioDiarioMaizUSD,40,PrecioPromedioNoventaDiasMaiz,0.9351672961077742,0.0
4,PrecioPromedioDiarioMaizUSD,41,PrecioRealDiaSiguiente,0.9231888634244869,0.0
5,SuperficieSembradaMaizSantaFe,7,SuperficieSembradaMaizCordoba,-0.09392816395195845,7.05643455565523e-09
5,SuperficieSembradaMaizSantaFe,8,SuperficieCosechadaMaizSantaFe,0.6700399057592331,0.0
5,SuperficieSembradaMaizSantaFe,9,SuperficieCosechadaMaizBuenosAires,0.12491840554717526,1.2292869062886379e-14
5,SuperficieSembradaMaizSantaFe,10,SuperficieCosechadaMaizCordoba,-0.5194369762734983,1.2043432976407857e-260
5,SuperficieSembradaMaizSantaFe,11,ProduccionMaizSantaFe,0.6665760017478612,0.0
5,SuperficieSembradaMaizSantaFe,12,ProduccionMaizBuenosAires,0.21153833807314434,1.5062550981177084e-39
5,SuperficieSembradaMaizSantaFe,13,ProduccionMaizCordoba,0.7673465249357273,0.0
5,SuperficieSembradaMaizSantaFe,14,RendimientoMaizSantaFe,0.546235804505359,1.926408719443312e-293
5,SuperficieSembradaMaizSantaFe,15,RendimientoMaizBuenosAires,-0.019425462969527133,0.23215807162424645
5,SuperficieSembradaMaizSantaFe,16,RendimientoMaizCordoba,0.15496551421577284,8.922756638643361e-22
5,SuperficieSembradaMaizSantaFe,17,PromedioIncendiosMensualesSantaFe,0.08787817850830205,6.12321299586602e-08
5,SuperficieSembradaMaizSantaFe,18,PromedioIncendiosMensualesBuenosAires,-0.09919933406735373,9.592281798316983e-10
5,SuperficieSembradaMaizSantaFe,19,PromedioIncendioMensualesCordoba,-0.5162339862940902,6.410954242203302e-257
5,SuperficieSembradaMaizSantaFe,20,VariacionMaizDiaAnterior,0.11118758697075108,6.90823365004164e-12
5,SuperficieSembradaMaizSantaFe,21,VariacionMaizTresDia,-0.007249506080912279,0.6556946076639616
5,SuperficieSembradaMaizSantaFe,22,VariacionMaizSieteDias,-0.005786967496872781,0.7219055368064545
5,SuperficieSembradaMaizSantaFe,23,LluviaAcumuladaSieteDiasSantaFe,0.0025285143514428066,0.8764200427045221
5,SuperficieSembradaMaizSantaFe,24,LluviaDiariaAcumuladaSieteDiasBuenosAires,0.044634793089036257,0.006023501989796007
5,SuperficieSembradaMaizSantaFe,25,LluviaDiariaAcumuladaSieteDiasCordoba,0.020482363435594248,0.20772739705921534
5,SuperficieSembradaMaizSantaFe,26,LluviaDiariaAcumuladaSieteDiasSantaFe,nan,1.0
5,SuperficieSembradaMaizSantaFe,27,LluviaDiariaAcumuladaSieteDiasBuenosAires.1,0.044634793089036257,0.006023501989796007
5,SuperficieSembradaMaizSantaFe,28,LluviaDiariaAcumuladaSieteDiasCordoba.1,0.020482363435594248,0.20772739705921534
5,SuperficieSembradaMaizSantaFe,29,LluviaDiariaAcumuladaTreintaDiasSantaFe,nan,1.0
5,SuperficieSembradaMaizSantaFe,30,LluviaDiariaAcumuladaTreintaDiasBuenosAires,0.0533143635936145,0.0010333878399822545
5,SuperficieSembradaMaizSantaFe,31,LluviaDiariaAcumuladaTreintaDiasCordoba,0.028219149057113185,0.08258493158662092
5,SuperficieSembradaMaizSantaFe,32,LluviaDiariaAcumuladaCuarentaCincoDiasSantaFe,nan,1.0
5,SuperficieSembradaMaizSantaFe,33,LluviaDiariaAcumuladaCuarentaCincoDiasBuenosAires,0.04750830277183126,0.003461114039678618
5,SuperficieSembradaMaizSantaFe,34,LluviaDiariaAcumuladaCuarentaCincoDiasCordoba,0.025421707830407186,0.11787877908850393
5,SuperficieSembradaMaizSantaFe,35,LluviaDiariaAcumuladaSesentaDiasSantaFe,nan,1.0
5,SuperficieSembradaMaizSantaFe,36,LluviaDiariaAcumuladaSesentaDiasBuenosAires,0.05132560560093912,0.001584685572978925
5,SuperficieSembradaMaizSantaFe,37,LluviaDiariaAcumuladaSesentaDiasCordoba,0.03260221370990072,0.04489514693344577
5,SuperficieSembradaMaizSantaFe,38,PrecioPromedioTreintaDiasMaiz,nan,1.0
5,SuperficieSembradaMaizSantaFe,39,PrecioPromedioSesentaDiasMaiz,0.5033418358079995,2.5610899780797605e-242
5,SuperficieSembradaMaizSantaFe,40,PrecioPromedioNoventaDiasMaiz,0.5172466365320888,4.297080905961033e-258
5,SuperficieSembradaMaizSantaFe,41,PrecioRealDiaSiguiente,0.517304277735693,3.6833487924085524e-258
6,SuperficieSembradaMaizBuenosAires,8,SuperficieCosechadaMaizSantaFe,0.13598445927843186,4.3753112465677065e-17
6,SuperficieSembradaMaizBuenosAires,9,SuperficieCosechadaMaizBuenosAires,0.13089857994285906,6.199170142677837e-16
6,SuperficieSembradaMaizBuenosAires,10,SuperficieCosechadaMaizCordoba,0.07580823030592455,3.0255176140064136e-06
6,SuperficieSembradaMaizBuenosAires,11,ProduccionMaizSantaFe,0.12450127531349704,1.5061782338275792e-14
6,SuperficieSembradaMaizBuenosAires,12,ProduccionMaizBuenosAires,0.08019459708659939,7.808711961771694e-07
6,SuperficieSembradaMaizBuenosAires,13,ProduccionMaizCordoba,-0.0327406441894979,0.04399314494274138
6,SuperficieSembradaMaizBuenosAires,14,RendimientoMaizSantaFe,-0.3186773025738586,4.341038629662178e-90
6,SuperficieSembradaMaizBuenosAires,15,RendimientoMaizBuenosAires,-0.12962738126551157,1.183583702041014e-15
6,SuperficieSembradaMaizBuenosAires,16,RendimientoMaizCordoba,-0.1752224881759363,1.7745487427533814e-27
6,SuperficieSembradaMaizBuenosAires,17,PromedioIncendiosMensualesSantaFe,-0.1693951799814296,9.19783808861205e-26
6,SuperficieSembradaMaizBuenosAires,18,PromedioIncendiosMensualesBuenosAires,-0.030213665703705105,0.06308014796930672
6,SuperficieSembradaMaizBuenosAires,19,PromedioIncendioMensualesCordoba,-0.14851114522041053,4.126314534167649e-20
6,SuperficieSembradaMaizBuenosAires,20,VariacionMaizDiaAnterior,0.20588550254358368,1.6450611953064864e-37
6,SuperficieSembradaMaizBuenosAires,21,VariacionMaizTresDia,0.007740491056877116,0.6340294489681503
6,SuperficieSembradaMaizBuenosAires,22,VariacionMaizSieteDias,0.0069969703939107755,0.6669533019506341
6,SuperficieSembradaMaizBuenosAires,23,LluviaAcumuladaSieteDiasSantaFe,-0.003013796579048242,0.8529505726811375
6,SuperficieSembradaMaizBuenosAires,24,LluviaDiariaAcumuladaSieteDiasBuenosAires,-0.019957709065912453,0.2196114599239226
6,SuperficieSembradaMaizBuenosAires,25,LluviaDiariaAcumuladaSieteDiasCordoba,0.024528662690570698,0.1313525583317526
6,SuperficieSembradaMaizBuenosAires,26,LluviaDiariaAcumuladaSieteDiasSantaFe,nan,1.0
6,SuperficieSembradaMaizBuenosAires,27,LluviaDiariaAcumuladaSieteDiasBuenosAires.1,-0.019957709065912453,0.2196114599239226
6,SuperficieSembradaMaizBuenosAires,28,LluviaDiariaAcumuladaSieteDiasCordoba.1,0.024528662690570698,0.1313525583317526
6,SuperficieSembradaMaizBuenosAires,29,LluviaDiariaAcumuladaTreintaDiasSantaFe,nan,1.0
6,SuperficieSembradaMaizBuenosAires,30,LluviaDiariaAcumuladaTreintaDiasBuenosAires,-0.0525797046358754,0.0012121859352894804
6,SuperficieSembradaMaizBuenosAires,31,LluviaDiariaAcumuladaTreintaDiasCordoba,0.004965561098801109,0.7600661032231308
6,SuperficieSembradaMaizBuenosAires,32,LluviaDiariaAcumuladaCuarentaCincoDiasSantaFe,nan,1.0
6,SuperficieSembradaMaizBuenosAires,33,LluviaDiariaAcumuladaCuarentaCincoDiasBuenosAires,-0.06562290212936203,5.338351003109103e-05
6,SuperficieSembradaMaizBuenosAires,34,LluviaDiariaAcumuladaCuarentaCincoDiasCordoba,0.0024328675014006957,0.8810592852315446
6,SuperficieSembradaMaizBuenosAires,35,LluviaDiariaAcumuladaSesentaDiasSantaFe,nan,1.0
6,SuperficieSembradaMaizBuenosAires,36,LluviaDiariaAcumuladaSesentaDiasBuenosAires,-0.07656652947072821,2.4061990470575474e-06
6,SuperficieSembradaMaizBuenosAires,37,LluviaDiariaAcumuladaSesentaDiasCordoba,-0.01559691584442223,0.3374074463551682
6,SuperficieSembradaMaizBuenosAires,38,PrecioPromedioTreintaDiasMaiz,nan,1.0
6,SuperficieSembradaMaizBuenosAires,39,PrecioPromedioSesentaDiasMaiz,-0.17960268600348284,8.32359142189618e-29
6,SuperficieSembradaMaizBuenosAires,40,PrecioPromedioNoventaDiasMaiz,-0.16916861191739624,1.0693717510695146e-25
6,SuperficieSembradaMaizBuenosAires,41,PrecioRealDiaSiguiente,-0.157913059506026,1.4652087627983605e-22
7,SuperficieSembradaMaizCordoba,9,SuperficieCosechadaMaizBuenosAires,0.526581432165605,4.20750006379582e-269
7,SuperficieSembradaMaizCordoba,10,SuperficieCosechadaMaizCordoba,-0.43782596895674913,4.500906877091421e-177
7,SuperficieSembradaMaizCordoba,11,ProduccionMaizSantaFe,0.8878767588832978,0.0
7,SuperficieSembradaMaizCordoba,12,ProduccionMaizBuenosAires,0.6251930224101424,0.0
7,SuperficieSembradaMaizCordoba,13,ProduccionMaizCordoba,0.9228819064519534,0.0
7,SuperficieSembradaMaizCordoba,14,RendimientoMaizSantaFe,0.6770575895835035,0.0
7,SuperficieSembradaMaizCordoba,15,RendimientoMaizBuenosAires,0.30950889515346375,7.932426615536454e-85
7,SuperficieSembradaMaizCordoba,16,RendimientoMaizCordoba,0.4968280131537214,3.5543888374922395e-235
7,SuperficieSembradaMaizCordoba,17,PromedioIncendiosMensualesSantaFe,0.38097764086054725,5.093286196674581e-131
7,SuperficieSembradaMaizCordoba,18,PromedioIncendiosMensualesBuenosAires,-0.3100201056145149,4.0823722836768427e-85
7,SuperficieSembradaMaizCordoba,19,PromedioIncendioMensualesCordoba,-0.4918371336451109,8.306165672064063e-230
7,SuperficieSembradaMaizCordoba,20,VariacionMaizDiaAnterior,-0.13870190365317026,1.0178195751355219e-17
7,SuperficieSembradaMaizCordoba,21,VariacionMaizTresDia,-0.008926536212741603,0.5829978599245996
7,SuperficieSembradaMaizCordoba,22,VariacionMaizSieteDias,-0.013355502193327264,0.41140299523905477
7,SuperficieSembradaMaizCordoba,23,LluviaAcumuladaSieteDiasSantaFe,-0.01638049750295552,0.31369384487565843
7,SuperficieSembradaMaizCordoba,24,LluviaDiariaAcumuladaSieteDiasBuenosAires,0.0448116674089381,0.005826414497525244
7,SuperficieSembradaMaizCordoba,25,LluviaDiariaAcumuladaSieteDiasCordoba,0.008531534934168916,0.5997804316456539
7,SuperficieSembradaMaizCordoba,26,LluviaDiariaAcumuladaSieteDiasSantaFe,nan,1.0
7,SuperficieSembradaMaizCordoba,27,LluviaDiariaAcumuladaSieteDiasBuenosAires.1,0.0448116674089381,0.005826414497525244
7,SuperficieSembradaMaizCordoba,28,LluviaDiariaAcumuladaSieteDiasCordoba.1,0.008531534934168916,0.5997804316456539
7,SuperficieSembradaMaizCordoba,29,LluviaDiariaAcumuladaTreintaDiasSantaFe,nan,1.0
7,SuperficieSembradaMaizCordoba,30,LluviaDiariaAcumuladaTreintaDiasBuenosAires,0.05906100601658697,0.00027739290999898887
7,SuperficieSembradaMaizCordoba,31,LluviaDiariaAcumuladaTreintaDiasCordoba,0.012743949270969985,0.4331512460692106
7,SuperficieSembradaMaizCordoba,32,LluviaDiariaAcumuladaCuarentaCincoDiasSantaFe,nan,1.0
7,SuperficieSembradaMaizCordoba,33,LluviaDiariaAcumuladaCuarentaCincoDiasBuenosAires,0.0692766430441419,1.992051794209728e-05
7,SuperficieSembradaMaizCordoba,34,LluviaDiariaAcumuladaCuarentaCincoDiasCordoba,0.015533645380106226,0.3393712047509917
7,SuperficieSembradaMaizCordoba,35,LluviaDiariaAcumuladaSesentaDiasSantaFe,nan,1.0
7,SuperficieSembradaMaizCordoba,36,LluviaDiariaAcumuladaSesentaDiasBuenosAires,0.07664530583454662,2.3493357169226095e-06
7,SuperficieSembradaMaizCordoba,37,LluviaDiariaAcumuladaSesentaDiasCordoba,0.008679957185037574,0.593448730871164
7,SuperficieSembradaMaizCordoba,38,PrecioPromedioTreintaDiasMaiz,nan,1.0
7,SuperficieSembradaMaizCordoba,39,PrecioPromedioSesentaDiasMaiz,0.6394598896365888,0.0
7,SuperficieSembradaMaizCordoba,40,PrecioPromedioNoventaDiasMaiz,0.652568115611707,0.0
7,SuperficieSembradaMaizCordoba,41,PrecioRealDiaSiguiente,0.6666036781008047,0.0
8,SuperficieCosechadaMaizSantaFe,10,SuperficieCosechadaMaizCordoba,0.03072475809315673,0.05874709093667524
8,SuperficieCosechadaMaizSantaFe,11,ProduccionMaizSantaFe,0.40362017133017497,2.6959065433276934e-148
8,SuperficieCosechadaMaizSantaFe,12,ProduccionMaizBuenosAires,0.37272242993467325,4.718091221869374e-125
8,SuperficieCosechadaMaizSantaFe,13,ProduccionMaizCordoba,0.49589325340150686,3.656558575666508e-234
8,SuperficieCosechadaMaizSantaFe,14,RendimientoMaizSantaFe,0.18580289415133128,9.558638214503474e-31
8,SuperficieCosechadaMaizSantaFe,15,RendimientoMaizBuenosAires,0.4229077106309267,4.125188398186588e-164
8,SuperficieCosechadaMaizSantaFe,16,RendimientoMaizCordoba,0.5362308353146709,7.512288995216714e-281
8,SuperficieCosechadaMaizSantaFe,17,PromedioIncendiosMensualesSantaFe,0.2239569418345643,3.0857540543442934e-44
8,SuperficieCosechadaMaizSantaFe,18,PromedioIncendiosMensualesBuenosAires,0.06312474640556785,0.0001018356206960529
8,SuperficieCosechadaMaizSantaFe,19,PromedioIncendioMensualesCordoba,0.08690021854096312,8.571184161674192e-08
8,SuperficieCosechadaMaizSantaFe,20,VariacionMaizDiaAnterior,0.32243015166175704,2.6899467735350843e-92
8,SuperficieCosechadaMaizSantaFe,21,VariacionMaizTresDia,-0.005847130496116236,0.7191361977107597
8,SuperficieCosechadaMaizSantaFe,22,VariacionMaizSieteDias,-0.010570693175788997,0.5156035499868818
8,SuperficieCosechadaMaizSantaFe,23,LluviaAcumuladaSieteDiasSantaFe,-0.011924741199925919,0.46330114695924185
8,SuperficieCosechadaMaizSantaFe,24,LluviaDiariaAcumuladaSieteDiasBuenosAires,0.004932616855962305,0.7616095752906099
8,SuperficieCosechadaMaizSantaFe,25,LluviaDiariaAcumuladaSieteDiasCordoba,-0.009249980955819697,0.569420746739114
8,SuperficieCosechadaMaizSantaFe,26,LluviaDiariaAcumuladaSieteDiasSantaFe,nan,1.0
8,SuperficieCosechadaMaizSantaFe,27,LluviaDiariaAcumuladaSieteDiasBuenosAires.1,0.004932616855962305,0.7616095752906099
8,SuperficieCosechadaMaizSantaFe,28,LluviaDiariaAcumuladaSieteDiasCordoba.1,-0.009249980955819697,0.569420746739114
8,SuperficieCosechadaMaizSantaFe,29,LluviaDiariaAcumuladaTreintaDiasSantaFe,nan,1.0
8,SuperficieCosechadaMaizSantaFe,30,LluviaDiariaAcumuladaTreintaDiasBuenosAires,0.004760324668546951,0.7696969649867278
8,SuperficieCosechadaMaizSantaFe,31,LluviaDiariaAcumuladaTreintaDiasCordoba,-0.03187843658090867,0.04986887020604963
8,SuperficieCosechadaMaizSantaFe,32,LluviaDiariaAcumuladaCuarentaCincoDiasSantaFe,nan,1.0
8,SuperficieCosechadaMaizSantaFe,33,LluviaDiariaAcumuladaCuarentaCincoDiasBuenosAires,0.007206713388261869,0.6575970107868279
8,SuperficieCosechadaMaizSantaFe,34,LluviaDiariaAcumuladaCuarentaCincoDiasCordoba,-0.03596475269694568,0.02692377422888275
8,SuperficieCosechadaMaizSantaFe,35,LluviaDiariaAcumuladaSesentaDiasSantaFe,nan,1.0
8,SuperficieCosechadaMaizSantaFe,36,LluviaDiariaAcumuladaSesentaDiasBuenosAires,0.010499392062687544,0.518440138972328
8,SuperficieCosechadaMaizSantaFe,37,LluviaDiariaAcumuladaSesentaDiasCordoba,-0.05389503877945619,0.0009096835679649729
8,SuperficieCosechadaMaizSantaFe,38,PrecioPromedioTreintaDiasMaiz,nan,1.0
8,SuperficieCosechadaMaizSantaFe,39,PrecioPromedioSesentaDiasMaiz,0.2926896550196975,1.18610085660531e-75
8,SuperficieCosechadaMaizSantaFe,40,PrecioPromedioNoventaDiasMaiz,0.2986791558361143,7.53248929285691e-79
8,SuperficieCosechadaMaizSantaFe,41,PrecioRealDiaSiguiente,0.3050605565755791,2.4298293585166172e-82
9,SuperficieCosechadaMaizBuenosAires,11,ProduccionMaizSantaFe,-0.5983600483604813,0.0
9,SuperficieCosechadaMaizBuenosAires,12,ProduccionMaizBuenosAires,-0.011192864086492015,0.49119748908670335
9,SuperficieCosechadaMaizBuenosAires,13,ProduccionMaizCordoba,-0.3337126235214122,3.979845739969687e-99
9,SuperficieCosechadaMaizBuenosAires,14,RendimientoMaizSantaFe,-0.2722326889316025,2.6494692410965423e-65
9,SuperficieCosechadaMaizBuenosAires,15,RendimientoMaizBuenosAires,0.05171591616806267,0.0014587657085771122
9,SuperficieCosechadaMaizBuenosAires,16,RendimientoMaizCordoba,0.033782859027362534,0.03768102801522645
9,SuperficieCosechadaMaizBuenosAires,17,PromedioIncendiosMensualesSantaFe,-0.16954239979823235,8.33898566876245e-26
9,SuperficieCosechadaMaizBuenosAires,18,PromedioIncendiosMensualesBuenosAires,0.1129824153624944,3.1474457033434114e-12
9,SuperficieCosechadaMaizBuenosAires,19,PromedioIncendioMensualesCordoba,0.4432429826526563,6.069212049090682e-182
9,SuperficieCosechadaMaizBuenosAires,20,VariacionMaizDiaAnterior,0.11331607318095133,2.7157848579444057e-12
9,SuperficieCosechadaMaizBuenosAires,21,VariacionMaizTresDia,0.0024433682235580592,0.8805497571669405
9,SuperficieCosechadaMaizBuenosAires,22,VariacionMaizSieteDias,0.004503371188899521,0.7818047646066879
9,SuperficieCosechadaMaizBuenosAires,23,LluviaAcumuladaSieteDiasSantaFe,0.005454224823503304,0.7372868563024182
9,SuperficieCosechadaMaizBuenosAires,24,LluviaDiariaAcumuladaSieteDiasBuenosAires,-0.03589701557820025,0.02721283874022138
9,SuperficieCosechadaMaizBuenosAires,25,LluviaDiariaAcumuladaSieteDiasCordoba,-0.030317647262567582,0.06217781266237193
9,SuperficieCosechadaMaizBuenosAires,26,LluviaDiariaAcumuladaSieteDiasSantaFe,nan,1.0
9,SuperficieCosechadaMaizBuenosAires,27,LluviaDiariaAcumuladaSieteDiasBuenosAires.1,-0.03589701557820025,0.02721283874022138
9,SuperficieCosechadaMaizBuenosAires,28,LluviaDiariaAcumuladaSieteDiasCordoba.1,-0.030317647262567582,0.06217781266237193
9,SuperficieCosechadaMaizBuenosAires,29,LluviaDiariaAcumuladaTreintaDiasSantaFe,nan,1.0
9,SuperficieCosechadaMaizBuenosAires,30,LluviaDiariaAcumuladaTreintaDiasBuenosAires,-0.05942559982580775,0.00025416320379093564
9,SuperficieCosechadaMaizBuenosAires,31,LluviaDiariaAcumuladaTreintaDiasCordoba,-0.05326446192335882,0.0010447141785560475
9,SuperficieCosechadaMaizBuenosAires,32,LluviaDiariaAcumuladaCuarentaCincoDiasSantaFe,nan,1.0
9,SuperficieCosechadaMaizBuenosAires,33,LluviaDiariaAcumuladaCuarentaCincoDiasBuenosAires,-0.06848180564157172,2.47880357168876e-05
9,SuperficieCosechadaMaizBuenosAires,34,LluviaDiariaAcumuladaCuarentaCincoDiasCordoba,-0.06812627773678587,2.7313840633310318e-05
9,SuperficieCosechadaMaizBuenosAires,35,LluviaDiariaAcumuladaSesentaDiasSantaFe,nan,1.0
9,SuperficieCosechadaMaizBuenosAires,36,LluviaDiariaAcumuladaSesentaDiasBuenosAires,-0.07713036866133452,2.026609756016855e-06
9,SuperficieCosechadaMaizBuenosAires,37,LluviaDiariaAcumuladaSesentaDiasCordoba,-0.07909750930751619,1.103106874677777e-06
9,SuperficieCosechadaMaizBuenosAires,38,PrecioPromedioTreintaDiasMaiz,nan,1.0
9,SuperficieCosechadaMaizBuenosAires,39,PrecioPromedioSesentaDiasMaiz,-0.33270999360536624,1.65426755536212e-98
9,SuperficieCosechadaMaizBuenosAires,40,PrecioPromedioNoventaDiasMaiz,-0.32879593966521736,4.0917955962043236e-96
9,SuperficieCosechadaMaizBuenosAires,41,PrecioRealDiaSiguiente,-0.33408977477974,2.3255174214997553e-99
10,SuperficieCosechadaMaizCordoba,12,ProduccionMaizBuenosAires,0.5878266893853162,0.0
10,SuperficieCosechadaMaizCordoba,13,ProduccionMaizCordoba,0.7749997130063669,0.0
10,SuperficieCosechadaMaizCordoba,14,RendimientoMaizSantaFe,0.6500083100315043,0.0
10,SuperficieCosechadaMaizCordoba,15,RendimientoMaizBuenosAires,0.2884670078536256,1.915208266503464e-73
10,SuperficieCosechadaMaizCordoba,16,RendimientoMaizCordoba,0.403603210782088,2.7807269685347487e-148
10,SuperficieCosechadaMaizCordoba,17,PromedioIncendiosMensualesSantaFe,0.41105049215038486,2.8902404866183938e-154
10,SuperficieCosechadaMaizCordoba,18,PromedioIncendiosMensualesBuenosAires,-0.13125108414852982,5.175605283150731e-16
10,SuperficieCosechadaMaizCordoba,19,PromedioIncendioMensualesCordoba,-0.4039431719878438,1.4939749666795457e-148
10,SuperficieCosechadaMaizCordoba,20,VariacionMaizDiaAnterior,-0.03701029550300995,0.022786914255729894
10,SuperficieCosechadaMaizCordoba,21,VariacionMaizTresDia,-0.006065630836782679,0.7091096994200928
10,SuperficieCosechadaMaizCordoba,22,VariacionMaizSieteDias,-0.01173975681495283,0.47026755636490536
10,SuperficieCosechadaMaizCordoba,23,LluviaAcumuladaSieteDiasSantaFe,-0.016456530901490053,0.31145264799177713
10,SuperficieCosechadaMaizCordoba,24,LluviaDiariaAcumuladaSieteDiasBuenosAires,0.048173933244169055,0.003031594948743356
10,SuperficieCosechadaMaizCordoba,25,LluviaDiariaAcumuladaSieteDiasCordoba,0.012991782717582301,0.4242586567834705
10,SuperficieCosechadaMaizCordoba,26,LluviaDiariaAcumuladaSieteDiasSantaFe,nan,1.0
10,SuperficieCosechadaMaizCordoba,27,LluviaDiariaAcumuladaSieteDiasBuenosAires.1,0.048173933244169055,0.003031594948743356
10,SuperficieCosechadaMaizCordoba,28,LluviaDiariaAcumuladaSieteDiasCordoba.1,0.012991782717582301,0.4242586567834705
10,SuperficieCosechadaMaizCordoba,29,LluviaDiariaAcumuladaTreintaDiasSantaFe,nan,1.0
10,SuperficieCosechadaMaizCordoba,30,LluviaDiariaAcumuladaTreintaDiasBuenosAires,0.06568088857847322,5.257494457843044e-05
10,SuperficieCosechadaMaizCordoba,31,LluviaDiariaAcumuladaTreintaDiasCordoba,0.013350879414572409,0.411564923610643
10,SuperficieCosechadaMaizCordoba,32,LluviaDiariaAcumuladaCuarentaCincoDiasSantaFe,nan,1.0
10,SuperficieCosechadaMaizCordoba,33,LluviaDiariaAcumuladaCuarentaCincoDiasBuenosAires,0.07605764072151908,2.8066363899497142e-06
10,SuperficieCosechadaMaizCordoba,34,LluviaDiariaAcumuladaCuarentaCincoDiasCordoba,0.02316357111154882,0.15421564037244365
10,SuperficieCosechadaMaizCordoba,35,LluviaDiariaAcumuladaSesentaDiasSantaFe,nan,1.0
10,SuperficieCosechadaMaizCordoba,36,LluviaDiariaAcumuladaSesentaDiasBuenosAires,0.08540912480557282,1.4214637195851374e-07
10,SuperficieCosechadaMaizCordoba,37,LluviaDiariaAcumuladaSesentaDiasCordoba,0.02147209071945615,0.18659158030128944
10,SuperficieCosechadaMaizCordoba,38,PrecioPromedioTreintaDiasMaiz,nan,1.0
10,SuperficieCosechadaMaizCordoba,39,PrecioPromedioSesentaDiasMaiz,0.6772697202831771,0.0
10,SuperficieCosechadaMaizCordoba,40,PrecioPromedioNoventaDiasMaiz,0.688339426136506,0.0
10,SuperficieCosechadaMaizCordoba,41,PrecioRealDiaSiguiente,0.7001928621010335,0.0
11,ProduccionMaizSantaFe,13,ProduccionMaizCordoba,0.5794036927655541,0.0
11,ProduccionMaizSantaFe,14,RendimientoMaizSantaFe,0.6133911543381225,0.0
11,ProduccionMaizSantaFe,15,RendimientoMaizBuenosAires,0.7120788733563493,0.0
11,ProduccionMaizSantaFe,16,RendimientoMaizCordoba,0.7403851555439824,0.0
11,ProduccionMaizSantaFe,17,PromedioIncendiosMensualesSantaFe,0.46685383628029914,3.117928113216897e-204
11,ProduccionMaizSantaFe,18,PromedioIncendiosMensualesBuenosAires,-0.07394323262110014,5.266191703546656e-06
11,ProduccionMaizSantaFe,19,PromedioIncendioMensualesCordoba,-0.3027994308331266,4.293048054836402e-81
11,ProduccionMaizSantaFe,20,VariacionMaizDiaAnterior,-0.4621418943029562,1.2118918850775584e-199
11,ProduccionMaizSantaFe,21,VariacionMaizTresDia,-0.005567385540732517,0.7320437324398743
11,ProduccionMaizSantaFe,22,VariacionMaizSieteDias,-0.012782757791029083,0.43175166949781985
11,ProduccionMaizSantaFe,23,LluviaAcumuladaSieteDiasSantaFe,-0.020226734195524322,0.21345814823512926
11,ProduccionMaizSantaFe,24,LluviaDiariaAcumuladaSieteDiasBuenosAires,0.020262371371827823,0.2126524547383598
11,ProduccionMaizSantaFe,25,LluviaDiariaAcumuladaSieteDiasCordoba,0.01120206057126569,0.4908414471730592
11,ProduccionMaizSantaFe,26,LluviaDiariaAcumuladaSieteDiasSantaFe,nan,1.0
11,ProduccionMaizSantaFe,27,LluviaDiariaAcumuladaSieteDiasBuenosAires.1,0.020262371371827823,0.2126524547383598
11,ProduccionMaizSantaFe,28,LluviaDiariaAcumuladaSieteDiasCordoba.1,0.01120206057126569,0.4908414471730592
11,ProduccionMaizSantaFe,29,LluviaDiariaAcumuladaTreintaDiasSantaFe,nan,1.0
11,ProduccionMaizSantaFe,30,LluviaDiariaAcumuladaTreintaDiasBuenosAires,0.029126233945837805,0.07318060361965775
11,ProduccionMaizSantaFe,31,LluviaDiariaAcumuladaTreintaDiasCordoba,0.012616735282553722,0.4377574000616059
11,ProduccionMaizSantaFe,32,LluviaDiariaAcumuladaCuarentaCincoDiasSantaFe,nan,1.0
11,ProduccionMaizSantaFe,33,LluviaDiariaAcumuladaCuarentaCincoDiasBuenosAires,0.04144977303702146,0.010761750847456463
11,ProduccionMaizSantaFe,34,LluviaDiariaAcumuladaCuarentaCincoDiasCordoba,0.01938382092838186,0.2331607259456317
11,ProduccionMaizSantaFe,35,LluviaDiariaAcumuladaSesentaDiasSantaFe,nan,1.0
11,ProduccionMaizSantaFe,36,LluviaDiariaAcumuladaSesentaDiasBuenosAires,0.046417296876202586,0.004286131337735178
11,ProduccionMaizSantaFe,37,LluviaDiariaAcumuladaSesentaDiasCordoba,0.01704279804362473,0.2945267333253366
11,ProduccionMaizSantaFe,38,PrecioPromedioTreintaDiasMaiz,nan,1.0
11,ProduccionMaizSantaFe,39,PrecioPromedioSesentaDiasMaiz,0.6948506711509757,0.0
11,ProduccionMaizSantaFe,40,PrecioPromedioNoventaDiasMaiz,0.7280230772524198,0.0
11,ProduccionMaizSantaFe,41,PrecioRealDiaSiguiente,0.7440152299104646,0.0
12,ProduccionMaizBuenosAires,14,RendimientoMaizSantaFe,0.7254583851399883,0.0
12,ProduccionMaizBuenosAires,15,RendimientoMaizBuenosAires,0.3449714180671678,3.1000804429519166e-106
12,ProduccionMaizBuenosAires,16,RendimientoMaizCordoba,0.571426381399729,0.0
12,ProduccionMaizBuenosAires,17,PromedioIncendiosMensualesSantaFe,0.3586582144834211,2.7885344337538583e-115
12,ProduccionMaizBuenosAires,18,PromedioIncendiosMensualesBuenosAires,-0.2501684061638891,4.196801401614736e-55
12,ProduccionMaizBuenosAires,19,PromedioIncendioMensualesCordoba,-0.4735839649463992,6.49097875467665e-211
12,ProduccionMaizBuenosAires,20,VariacionMaizDiaAnterior,-0.10670221233526707,4.666717007776122e-11
12,ProduccionMaizBuenosAires,21,VariacionMaizTresDia,-0.0072417629285380656,0.6560386743094595
12,ProduccionMaizBuenosAires,22,VariacionMaizSieteDias,-0.008495323132899779,0.6013298552481077
12,ProduccionMaizBuenosAires,23,LluviaAcumuladaSieteDiasSantaFe,-0.00615179227204451,0.7051696337417775
12,ProduccionMaizBuenosAires,24,LluviaDiariaAcumuladaSieteDiasBuenosAires,0.03715925612388567,0.022244940206291957
12,ProduccionMaizBuenosAires,25,LluviaDiariaAcumuladaSieteDiasCordoba,-0.0012243701490208356,0.9399750021023521
12,ProduccionMaizBuenosAires,26,LluviaDiariaAcumuladaSieteDiasSantaFe,nan,1.0
12,ProduccionMaizBuenosAires,27,LluviaDiariaAcumuladaSieteDiasBuenosAires.1,0.03715925612388567,0.022244940206291957
12,ProduccionMaizBuenosAires,28,LluviaDiariaAcumuladaSieteDiasCordoba.1,-0.0012243701490208356,0.9399750021023521
12,ProduccionMaizBuenosAires,29,LluviaDiariaAcumuladaTreintaDiasSantaFe,nan,1.0
12,ProduccionMaizBuenosAires,30,LluviaDiariaAcumuladaTreintaDiasBuenosAires,0.053386847578375154,0.0010171381394631187
12,ProduccionMaizBuenosAires,31,LluviaDiariaAcumuladaTreintaDiasCordoba,0.0024863167145226226,0.8784662780383646
12,ProduccionMaizBuenosAires,32,LluviaDiariaAcumuladaCuarentaCincoDiasSantaFe,nan,1.0
12,ProduccionMaizBuenosAires,33,LluviaDiariaAcumuladaCuarentaCincoDiasBuenosAires,0.05872230202287126,0.000300741729653804
12,ProduccionMaizBuenosAires,34,LluviaDiariaAcumuladaCuarentaCincoDiasCordoba,-0.0003021631366027043,0.9851732479545456
12,ProduccionMaizBuenosAires,35,LluviaDiariaAcumuladaSesentaDiasSantaFe,nan,1.0
12,ProduccionMaizBuenosAires,36,LluviaDiariaAcumuladaSesentaDiasBuenosAires,0.06700574515633391,3.69726899871982e-05
12,ProduccionMaizBuenosAires,37,LluviaDiariaAcumuladaSesentaDiasCordoba,0.0004701789120802878,0.9769308187989661
12,ProduccionMaizBuenosAires,38,PrecioPromedioTreintaDiasMaiz,nan,1.0
12,ProduccionMaizBuenosAires,39,PrecioPromedioSesentaDiasMaiz,0.6674802968786298,0.0
12,ProduccionMaizBuenosAires,40,PrecioPromedioNoventaDiasMaiz,0.6801781821581946,0.0
12,ProduccionMaizBuenosAires,41,PrecioRealDiaSiguiente,0.6865105528803047,0.0
13,ProduccionMaizCordoba,15,RendimientoMaizBuenosAires,0.3703762858792054,2.177887667646125e-123
13,ProduccionMaizCordoba,16,RendimientoMaizCordoba,0.49322801752704376,2.705142958465729e-231
13,ProduccionMaizCordoba,17,PromedioIncendiosMensualesSantaFe,0.5025817213720232,1.777821521303865e-241
13,ProduccionMaizCordoba,18,PromedioIncendiosMensualesBuenosAires,-0.13095903758005809,6.010450883465072e-16
13,ProduccionMaizCordoba,19,PromedioIncendioMensualesCordoba,-0.32663040487545375,8.336915254111768e-95
13,ProduccionMaizCordoba,20,VariacionMaizDiaAnterior,-0.4028147226913829,1.1714986114741823e-147
13,ProduccionMaizCordoba,21,VariacionMaizTresDia,-0.00019234871664914775,0.990561375710625
13,ProduccionMaizCordoba,22,VariacionMaizSieteDias,-0.0018982134968646652,0.907062847337476
13,ProduccionMaizCordoba,23,LluviaAcumuladaSieteDiasSantaFe,0.002282322866920333,0.888369493794385
13,ProduccionMaizCordoba,24,LluviaDiariaAcumuladaSieteDiasBuenosAires,0.047678354511219004,0.0033464117113461917
13,ProduccionMaizCordoba,25,LluviaDiariaAcumuladaSieteDiasCordoba,0.016139853311157887,0.3208569346465706
13,ProduccionMaizCordoba,26,LluviaDiariaAcumuladaSieteDiasSantaFe,nan,1.0
13,ProduccionMaizCordoba,27,LluviaDiariaAcumuladaSieteDiasBuenosAires.1,0.047678354511219004,0.0033464117113461917
13,ProduccionMaizCordoba,28,LluviaDiariaAcumuladaSieteDiasCordoba.1,0.016139853311157887,0.3208569346465706
13,ProduccionMaizCordoba,29,LluviaDiariaAcumuladaTreintaDiasSantaFe,nan,1.0
13,ProduccionMaizCordoba,30,LluviaDiariaAcumuladaTreintaDiasBuenosAires,0.060305846117579644,0.00020537540151174615
13,ProduccionMaizCordoba,31,LluviaDiariaAcumuladaTreintaDiasCordoba,0.04200096803675128,0.009758105302970247
13,ProduccionMaizCordoba,32,LluviaDiariaAcumuladaCuarentaCincoDiasSantaFe,nan,1.0
13,ProduccionMaizCordoba,33,LluviaDiariaAcumuladaCuarentaCincoDiasBuenosAires,0.0730860977719197,6.764607021364336e-06
13,ProduccionMaizCordoba,34,LluviaDiariaAcumuladaCuarentaCincoDiasCordoba,0.048441586817890285,0.0028730307556241123
13,ProduccionMaizCordoba,35,LluviaDiariaAcumuladaSesentaDiasSantaFe,nan,1.0
13,ProduccionMaizCordoba,36,LluviaDiariaAcumuladaSesentaDiasBuenosAires,0.08387839251671012,2.368653336023911e-07
13,ProduccionMaizCordoba,37,LluviaDiariaAcumuladaSesentaDiasCordoba,0.05802938499877792,0.00035435309459928203
13,ProduccionMaizCordoba,38,PrecioPromedioTreintaDiasMaiz,nan,1.0
13,ProduccionMaizCordoba,39,PrecioPromedioSesentaDiasMaiz,0.6286382206630526,0.0
13,ProduccionMaizCordoba,40,PrecioPromedioNoventaDiasMaiz,0.6349256340784402,0.0
13,ProduccionMaizCordoba,41,PrecioRealDiaSiguiente,0.638612519442942,0.0
14,RendimientoMaizSantaFe,16,RendimientoMaizCordoba,0.9431440777630739,0.0
14,RendimientoMaizSantaFe,17,PromedioIncendiosMensualesSantaFe,0.675673529796114,0.0
14,RendimientoMaizSantaFe,18,PromedioIncendiosMensualesBuenosAires,0.025789258841138887,0.11265865164411032
14,RendimientoMaizSantaFe,19,PromedioIncendioMensualesCordoba,0.014356562715319827,0.3772344921749926
14,RendimientoMaizSantaFe,20,VariacionMaizDiaAnterior,-0.2737797429124051,4.687359799010646e-66
14,RendimientoMaizSantaFe,21,VariacionMaizTresDia,-0.009506351021091352,0.5587675302072297
14,RendimientoMaizSantaFe,22,VariacionMaizSieteDias,-0.01272211871819777,0.433939686952708
14,RendimientoMaizSantaFe,23,LluviaAcumuladaSieteDiasSantaFe,-0.017102738070677387,0.2928316260649735
14,RendimientoMaizSantaFe,24,LluviaDiariaAcumuladaSieteDiasBuenosAires,0.006730799146539821,0.6789015570081973
14,RendimientoMaizSantaFe,25,LluviaDiariaAcumuladaSieteDiasCordoba,-0.014507986357705518,0.3722227178082449
14,RendimientoMaizSantaFe,26,LluviaDiariaAcumuladaSieteDiasSantaFe,nan,1.0
14,RendimientoMaizSantaFe,27,LluviaDiariaAcumuladaSieteDiasBuenosAires.1,0.006730799146539821,0.6789015570081973
14,RendimientoMaizSantaFe,28,LluviaDiariaAcumuladaSieteDiasCordoba.1,-0.014507986357705518,0.3722227178082449
14,RendimientoMaizSantaFe,29,LluviaDiariaAcumuladaTreintaDiasSantaFe,nan,1.0
14,RendimientoMaizSantaFe,30,LluviaDiariaAcumuladaTreintaDiasBuenosAires,0.04141387534046427,0.010830189633990695
14,RendimientoMaizSantaFe,31,LluviaDiariaAcumuladaTreintaDiasCordoba,-0.025690436681879092,0.11404393020434216
14,RendimientoMaizSantaFe,32,LluviaDiariaAcumuladaCuarentaCincoDiasSantaFe,nan,1.0
14,RendimientoMaizSantaFe,33,LluviaDiariaAcumuladaCuarentaCincoDiasBuenosAires,0.061909363820722,0.0001382894750989486
14,RendimientoMaizSantaFe,34,LluviaDiariaAcumuladaCuarentaCincoDiasCordoba,-0.019215800887753945,0.23723747123562655
14,RendimientoMaizSantaFe,35,LluviaDiariaAcumuladaSesentaDiasSantaFe,nan,1.0
14,RendimientoMaizSantaFe,36,LluviaDiariaAcumuladaSesentaDiasBuenosAires,0.07508766908912218,3.7536960538798844e-06
14,RendimientoMaizSantaFe,37,LluviaDiariaAcumuladaSesentaDiasCordoba,-0.01527658560222941,0.34742488406121264
14,RendimientoMaizSantaFe,38,PrecioPromedioTreintaDiasMaiz,nan,1.0
14,RendimientoMaizSantaFe,39,PrecioPromedioSesentaDiasMaiz,0.40586856865325,4.367883658177828e-150
14,RendimientoMaizSantaFe,40,PrecioPromedioNoventaDiasMaiz,0.41840733201314384,2.5065567646654334e-160
14,RendimientoMaizSantaFe,41,PrecioRealDiaSiguiente,0.4264970399715393,3.5985735777380555e-167
15,RendimientoMaizBuenosAires,17,PromedioIncendiosMensualesSantaFe,0.5857530996661102,0.0
15,RendimientoMaizBuenosAires,18,PromedioIncendiosMensualesBuenosAires,0.001617317766529666,0.9207663803237258
15,RendimientoMaizBuenosAires,19,PromedioIncendioMensualesCordoba,-0.0900570475309467,2.8571631094071086e-08
15,RendimientoMaizBuenosAires,20,VariacionMaizDiaAnterior,-0.25681906861865983,4.482705425378724e-58
15,RendimientoMaizBuenosAires,21,VariacionMaizTresDia,-0.012513872650386984,0.4415023515802171
15,RendimientoMaizBuenosAires,22,VariacionMaizSieteDias,-0.01572942086129323,0.3333185238919555
15,RendimientoMaizBuenosAires,23,LluviaAcumuladaSieteDiasSantaFe,-0.017407632048732576,0.28431069524699676
15,RendimientoMaizBuenosAires,24,LluviaDiariaAcumuladaSieteDiasBuenosAires,0.00888768911302811,0.5846386287888408
15,RendimientoMaizBuenosAires,25,LluviaDiariaAcumuladaSieteDiasCordoba,-0.01865209671383187,0.25128175938469244
15,RendimientoMaizBuenosAires,26,LluviaDiariaAcumuladaSieteDiasSantaFe,nan,1.0
15,RendimientoMaizBuenosAires,27,LluviaDiariaAcumuladaSieteDiasBuenosAires.1,0.00888768911302811,0.5846386287888408
15,RendimientoMaizBuenosAires,28,LluviaDiariaAcumuladaSieteDiasCordoba.1,-0.01865209671383187,0.25128175938469244
15,RendimientoMaizBuenosAires,29,LluviaDiariaAcumuladaTreintaDiasSantaFe,nan,1.0
15,RendimientoMaizBuenosAires,30,LluviaDiariaAcumuladaTreintaDiasBuenosAires,0.03942307771374577,0.015285534440579925
15,RendimientoMaizBuenosAires,31,LluviaDiariaAcumuladaTreintaDiasCordoba,-0.02912292440388828,0.07321325242769197
15,RendimientoMaizBuenosAires,32,LluviaDiariaAcumuladaCuarentaCincoDiasSantaFe,nan,1.0
15,RendimientoMaizBuenosAires,33,LluviaDiariaAcumuladaCuarentaCincoDiasBuenosAires,0.05652684994829864,0.0005027288934768729
15,RendimientoMaizBuenosAires,34,LluviaDiariaAcumuladaCuarentaCincoDiasCordoba,-0.02583519591857341,0.11201924113139818
15,RendimientoMaizBuenosAires,35,LluviaDiariaAcumuladaSesentaDiasSantaFe,nan,1.0
15,RendimientoMaizBuenosAires,36,LluviaDiariaAcumuladaSesentaDiasBuenosAires,0.06953429100997505,1.85484943934068e-05
15,RendimientoMaizBuenosAires,37,LluviaDiariaAcumuladaSesentaDiasCordoba,-0.024757742638221066,0.1277875024459022
15,RendimientoMaizBuenosAires,38,PrecioPromedioTreintaDiasMaiz,nan,1.0
15,RendimientoMaizBuenosAires,39,PrecioPromedioSesentaDiasMaiz,0.5050205282052441,3.487465367139444e-244
15,RendimientoMaizBuenosAires,40,PrecioPromedioNoventaDiasMaiz,0.5168296152809905,1.3092369487797328e-257
15,RendimientoMaizBuenosAires,41,PrecioRealDiaSiguiente,0.5233387302354011,3.0719687548302356e-265
16,RendimientoMaizCordoba,18,PromedioIncendiosMensualesBuenosAires,-0.2690162230605894,9.362753649908434e-64
16,RendimientoMaizCordoba,19,PromedioIncendioMensualesCordoba,-0.009707187841752245,0.5504901222928207
16,RendimientoMaizCordoba,20,VariacionMaizDiaAnterior,-0.23051313681291413,7.870735929522829e-47
16,RendimientoMaizCordoba,21,VariacionMaizTresDia,-0.0019030029476102216,0.9068294212417382
16,RendimientoMaizCordoba,22,VariacionMaizSieteDias,-0.0012742698052540507,0.9375335655339806
16,RendimientoMaizCordoba,23,LluviaAcumuladaSieteDiasSantaFe,-0.004584170212847384,0.7779916125963989
16,RendimientoMaizCordoba,24,LluviaDiariaAcumuladaSieteDiasBuenosAires,0.06332169644904759,9.686018886377822e-05
16,RendimientoMaizCordoba,25,LluviaDiariaAcumuladaSieteDiasCordoba,-0.010288993604171794,0.5268572225259227
16,RendimientoMaizCordoba,26,LluviaDiariaAcumuladaSieteDiasSantaFe,nan,1.0
16,RendimientoMaizCordoba,27,LluviaDiariaAcumuladaSieteDiasBuenosAires.1,0.06332169644904759,9.686018886377822e-05
16,RendimientoMaizCordoba,28,LluviaDiariaAcumuladaSieteDiasCordoba.1,-0.010288993604171794,0.5268572225259227
16,RendimientoMaizCordoba,29,LluviaDiariaAcumuladaTreintaDiasSantaFe,nan,1.0
16,RendimientoMaizCordoba,30,LluviaDiariaAcumuladaTreintaDiasBuenosAires,0.12834564344464044,2.2573782301061258e-15
16,RendimientoMaizCordoba,31,LluviaDiariaAcumuladaTreintaDiasCordoba,-0.0066162760504929205,0.6840675689809598
16,RendimientoMaizCordoba,32,LluviaDiariaAcumuladaCuarentaCincoDiasSantaFe,nan,1.0
16,RendimientoMaizCordoba,33,LluviaDiariaAcumuladaCuarentaCincoDiasBuenosAires,0.16306751009917192,5.717155600583674e-24
16,RendimientoMaizCordoba,34,LluviaDiariaAcumuladaCuarentaCincoDiasCordoba,0.0014256300058990978,0.9301316615802098
16,RendimientoMaizCordoba,35,LluviaDiariaAcumuladaSesentaDiasSantaFe,nan,1.0
16,RendimientoMaizCordoba,36,LluviaDiariaAcumuladaSesentaDiasBuenosAires,0.18349901151918746,5.120764978427969e-30
16,RendimientoMaizCordoba,37,LluviaDiariaAcumuladaSesentaDiasCordoba,0.016579595994911395,0.3078475442000051
16,RendimientoMaizCordoba,38,PrecioPromedioTreintaDiasMaiz,nan,1.0
16,RendimientoMaizCordoba,39,PrecioPromedioSesentaDiasMaiz,0.3520826576648643,7.038926483295805e-111
16,RendimientoMaizCordoba,40,PrecioPromedioNoventaDiasMaiz,0.3540204211857135,3.6399892959761077e-112
16,RendimientoMaizCordoba,41,PrecioRealDiaSiguiente,0.35943765572840786,8.252858928386102e-116
17,PromedioIncendiosMensualesSantaFe,19,PromedioIncendioMensualesCordoba,0.1371574248163345,2.3398541673360567e-17
17,PromedioIncendiosMensualesSantaFe,20,VariacionMaizDiaAnterior,0.012599856065261414,0.43837067108514227
17,PromedioIncendiosMensualesSantaFe,21,VariacionMaizTresDia,0.012670255513980226,0.4358161201663111
17,PromedioIncendiosMensualesSantaFe,22,VariacionMaizSieteDias,0.010766254060342682,0.5078650342320424
17,PromedioIncendiosMensualesSantaFe,23,LluviaAcumuladaSieteDiasSantaFe,0.01688244265310663,0.29909385754262807
17,PromedioIncendiosMensualesSantaFe,24,LluviaDiariaAcumuladaSieteDiasBuenosAires,-0.03701812136261905,0.0227581580382221
17,PromedioIncendiosMensualesSantaFe,25,LluviaDiariaAcumuladaSieteDiasCordoba,-0.000698009695930407,0.9657581151241273
17,PromedioIncendiosMensualesSantaFe,26,LluviaDiariaAcumuladaSieteDiasSantaFe,nan,1.0
17,PromedioIncendiosMensualesSantaFe,27,LluviaDiariaAcumuladaSieteDiasBuenosAires.1,-0.03701812136261905,0.0227581580382221
17,PromedioIncendiosMensualesSantaFe,28,LluviaDiariaAcumuladaSieteDiasCordoba.1,-0.000698009695930407,0.9657581151241273
17,PromedioIncendiosMensualesSantaFe,29,LluviaDiariaAcumuladaTreintaDiasSantaFe,nan,1.0
17,PromedioIncendiosMensualesSantaFe,30,LluviaDiariaAcumuladaTreintaDiasBuenosAires,-0.07063181908332726,1.3648987851791762e-05
17,PromedioIncendiosMensualesSantaFe,31,LluviaDiariaAcumuladaTreintaDiasCordoba,-0.030074521709928935,0.0643045169766042
17,PromedioIncendiosMensualesSantaFe,32,LluviaDiariaAcumuladaCuarentaCincoDiasSantaFe,nan,1.0
17,PromedioIncendiosMensualesSantaFe,33,LluviaDiariaAcumuladaCuarentaCincoDiasBuenosAires,-0.08669399677013437,9.196896753322334e-08
17,PromedioIncendiosMensualesSantaFe,34,LluviaDiariaAcumuladaCuarentaCincoDiasCordoba,-0.03260428206214557,0.04488155584645113
17,PromedioIncendiosMensualesSantaFe,35,LluviaDiariaAcumuladaSesentaDiasSantaFe,nan,1.0
17,PromedioIncendiosMensualesSantaFe,36,LluviaDiariaAcumuladaSesentaDiasBuenosAires,-0.09500605744779483,4.7324763393425515e-09
17,PromedioIncendiosMensualesSantaFe,37,LluviaDiariaAcumuladaSesentaDiasCordoba,-0.03788075519227165,0.019775523298118235
17,PromedioIncendiosMensualesSantaFe,38,PrecioPromedioTreintaDiasMaiz,nan,1.0
17,PromedioIncendiosMensualesSantaFe,39,PrecioPromedioSesentaDiasMaiz,0.11202744613379641,4.789415017400529e-12
17,PromedioIncendiosMensualesSantaFe,40,PrecioPromedioNoventaDiasMaiz,0.11433047512635883,1.729741807369105e-12
17,PromedioIncendiosMensualesSantaFe,41,PrecioRealDiaSiguiente,0.09953809034605149,8.407291475471247e-10
18,PromedioIncendiosMensualesBuenosAires,20,VariacionMaizDiaAnterior,0.34414100611764975,1.0612645014444446e-105
18,PromedioIncendiosMensualesBuenosAires,21,VariacionMaizTresDia,0.008152402358175551,0.6160912946571692
18,PromedioIncendiosMensualesBuenosAires,22,VariacionMaizSieteDias,0.004054074317126927,0.8031017868224197
18,PromedioIncendiosMensualesBuenosAires,23,LluviaAcumuladaSieteDiasSantaFe,-0.0036898460122192366,0.8204752168768195
18,PromedioIncendiosMensualesBuenosAires,24,LluviaDiariaAcumuladaSieteDiasBuenosAires,-0.04237752355283374,0.00912126928519895
18,PromedioIncendiosMensualesBuenosAires,25,LluviaDiariaAcumuladaSieteDiasCordoba,-0.06662637939449079,4.0921147358440585e-05
18,PromedioIncendiosMensualesBuenosAires,26,LluviaDiariaAcumuladaSieteDiasSantaFe,nan,1.0
18,PromedioIncendiosMensualesBuenosAires,27,LluviaDiariaAcumuladaSieteDiasBuenosAires.1,-0.04237752355283374,0.00912126928519895
18,PromedioIncendiosMensualesBuenosAires,28,LluviaDiariaAcumuladaSieteDiasCordoba.1,-0.06662637939449079,4.0921147358440585e-05
18,PromedioIncendiosMensualesBuenosAires,29,LluviaDiariaAcumuladaTreintaDiasSantaFe,nan,1.0
18,PromedioIncendiosMensualesBuenosAires,30,LluviaDiariaAcumuladaTreintaDiasBuenosAires,-0.041092369526619925,0.01146058779249287
18,PromedioIncendiosMensualesBuenosAires,31,LluviaDiariaAcumuladaTreintaDiasCordoba,-0.09670894865655054,2.4951255099086113e-09
18,PromedioIncendiosMensualesBuenosAires,32,LluviaDiariaAcumuladaCuarentaCincoDiasSantaFe,nan,1.0
18,PromedioIncendiosMensualesBuenosAires,33,LluviaDiariaAcumuladaCuarentaCincoDiasBuenosAires,-0.045703208864536105,0.00491871109264894
18,PromedioIncendiosMensualesBuenosAires,34,LluviaDiariaAcumuladaCuarentaCincoDiasCordoba,-0.10829643847392686,2.3877073942640007e-11
18,PromedioIncendiosMensualesBuenosAires,35,LluviaDiariaAcumuladaSesentaDiasSantaFe,nan,1.0
18,PromedioIncendiosMensualesBuenosAires,36,LluviaDiariaAcumuladaSesentaDiasBuenosAires,-0.04759619934631062,0.0034013873769065117
18,PromedioIncendiosMensualesBuenosAires,37,LluviaDiariaAcumuladaSesentaDiasCordoba,-0.1176839574558911,3.784497205937162e-13
18,PromedioIncendiosMensualesBuenosAires,38,PrecioPromedioTreintaDiasMaiz,nan,1.0
18,PromedioIncendiosMensualesBuenosAires,39,PrecioPromedioSesentaDiasMaiz,-0.2985410819361266,8.943515884642712e-79
18,PromedioIncendiosMensualesBuenosAires,40,PrecioPromedioNoventaDiasMaiz,-0.3107015364049832,1.6805988544013684e-85
18,PromedioIncendiosMensualesBuenosAires,41,PrecioRealDiaSiguiente,-0.3157081373216895,2.3016963789361312e-88
19,PromedioIncendioMensualesCordoba,21,VariacionMaizTresDia,-0.007751554861969338,0.6335447525338196
19,PromedioIncendioMensualesCordoba,22,VariacionMaizSieteDias,-0.004207145444057466,0.7958288005875092
19,PromedioIncendioMensualesCordoba,23,LluviaAcumuladaSieteDiasSantaFe,-0.00012856866684121077,0.9936910055003944
19,PromedioIncendioMensualesCordoba,24,LluviaDiariaAcumuladaSieteDiasBuenosAires,-0.0036734049981498296,0.8212615914237191
19,PromedioIncendioMensualesCordoba,25,LluviaDiariaAcumuladaSieteDiasCordoba,-0.016830724317619533,0.3005768836447478
19,PromedioIncendioMensualesCordoba,26,LluviaDiariaAcumuladaSieteDiasSantaFe,nan,1.0
19,PromedioIncendioMensualesCordoba,27,LluviaDiariaAcumuladaSieteDiasBuenosAires.1,-0.0036734049981498296,0.8212615914237191
19,PromedioIncendioMensualesCordoba,28,LluviaDiariaAcumuladaSieteDiasCordoba.1,-0.016830724317619533,0.3005768836447478
19,PromedioIncendioMensualesCordoba,29,LluviaDiariaAcumuladaTreintaDiasSantaFe,nan,1.0
19,PromedioIncendioMensualesCordoba,30,LluviaDiariaAcumuladaTreintaDiasBuenosAires,-0.007711163872162207,0.6353150085242758
19,PromedioIncendioMensualesCordoba,31,LluviaDiariaAcumuladaTreintaDiasCordoba,-0.043462067425471686,0.007489232713311895
19,PromedioIncendioMensualesCordoba,32,LluviaDiariaAcumuladaCuarentaCincoDiasSantaFe,nan,1.0
19,PromedioIncendioMensualesCordoba,33,LluviaDiariaAcumuladaCuarentaCincoDiasBuenosAires,-0.022147255655050758,0.17311322202764182
19,PromedioIncendioMensualesCordoba,34,LluviaDiariaAcumuladaCuarentaCincoDiasCordoba,-0.046572638362342475,0.004158689590748514
19,PromedioIncendioMensualesCordoba,35,LluviaDiariaAcumuladaSesentaDiasSantaFe,nan,1.0
19,PromedioIncendioMensualesCordoba,36,LluviaDiariaAcumuladaSesentaDiasBuenosAires,-0.022658742421352518,0.1633968448118502
19,PromedioIncendioMensualesCordoba,37,LluviaDiariaAcumuladaSesentaDiasCordoba,-0.05429261314530943,0.0008330579045907943
19,PromedioIncendioMensualesCordoba,38,PrecioPromedioTreintaDiasMaiz,nan,1.0
19,PromedioIncendioMensualesCordoba,39,PrecioPromedioSesentaDiasMaiz,-0.343915690454923,1.4810005721241588e-105
19,PromedioIncendioMensualesCordoba,40,PrecioPromedioNoventaDiasMaiz,-0.3559127183577981,1.9775722178829853e-113
19,PromedioIncendioMensualesCordoba,41,PrecioRealDiaSiguiente,-0.3604317393910125,1.7380637983115e-116
20,VariacionMaizDiaAnterior,22,VariacionMaizSieteDias,0.7698082010115953,0.0
20,VariacionMaizDiaAnterior,23,LluviaAcumuladaSieteDiasSantaFe,0.5970559723376718,0.0
20,VariacionMaizDiaAnterior,24,LluviaDiariaAcumuladaSieteDiasBuenosAires,0.006101941329393936,0.707448305714862
20,VariacionMaizDiaAnterior,25,LluviaDiariaAcumuladaSieteDiasCordoba,0.01746713625955939,0.282667482288521
20,VariacionMaizDiaAnterior,26,LluviaDiariaAcumuladaSieteDiasSantaFe,nan,1.0
20,VariacionMaizDiaAnterior,27,LluviaDiariaAcumuladaSieteDiasBuenosAires.1,0.006101941329393936,0.707448305714862
20,VariacionMaizDiaAnterior,28,LluviaDiariaAcumuladaSieteDiasCordoba.1,0.01746713625955939,0.282667482288521
20,VariacionMaizDiaAnterior,29,LluviaDiariaAcumuladaTreintaDiasSantaFe,nan,1.0
20,VariacionMaizDiaAnterior,30,LluviaDiariaAcumuladaTreintaDiasBuenosAires,0.002137757645819161,0.8953983035117814
20,VariacionMaizDiaAnterior,31,LluviaDiariaAcumuladaTreintaDiasCordoba,0.01833674218023229,0.2593867642142523
20,VariacionMaizDiaAnterior,32,LluviaDiariaAcumuladaCuarentaCincoDiasSantaFe,nan,1.0
20,VariacionMaizDiaAnterior,33,LluviaDiariaAcumuladaCuarentaCincoDiasBuenosAires,0.005181595172020113,0.7499685943819612
20,VariacionMaizDiaAnterior,34,LluviaDiariaAcumuladaCuarentaCincoDiasCordoba,0.01491958774232775,0.3588094412526698
20,VariacionMaizDiaAnterior,35,LluviaDiariaAcumuladaSesentaDiasSantaFe,nan,1.0
20,VariacionMaizDiaAnterior,36,LluviaDiariaAcumuladaSesentaDiasBuenosAires,0.004911409100232,0.7626036829928007
20,VariacionMaizDiaAnterior,37,LluviaDiariaAcumuladaSesentaDiasCordoba,0.013491485244005246,0.40665666052860416
20,VariacionMaizDiaAnterior,38,PrecioPromedioTreintaDiasMaiz,nan,1.0
20,VariacionMaizDiaAnterior,39,PrecioPromedioSesentaDiasMaiz,-0.020463688919098614,0.20814223145343938
20,VariacionMaizDiaAnterior,40,PrecioPromedioNoventaDiasMaiz,-0.012617940368567886,0.4377136346626338
20,VariacionMaizDiaAnterior,41,PrecioRealDiaSiguiente,-0.011012098116014257,0.49822390711686126
21,VariacionMaizTresDia,23,LluviaAcumuladaSieteDiasSantaFe,0.8562620747249723,0.0
21,VariacionMaizTresDia,24,LluviaDiariaAcumuladaSieteDiasBuenosAires,0.0025507713516165756,0.8753410944433593
21,VariacionMaizTresDia,25,LluviaDiariaAcumuladaSieteDiasCordoba,0.028708467699215392,0.07739700838208834
21,VariacionMaizTresDia,26,LluviaDiariaAcumuladaSieteDiasSantaFe,nan,1.0
21,VariacionMaizTresDia,27,LluviaDiariaAcumuladaSieteDiasBuenosAires.1,0.0025507713516165756,0.8753410944433593
21,VariacionMaizTresDia,28,LluviaDiariaAcumuladaSieteDiasCordoba.1,0.028708467699215392,0.07739700838208834
21,VariacionMaizTresDia,29,LluviaDiariaAcumuladaTreintaDiasSantaFe,nan,1.0
21,VariacionMaizTresDia,30,LluviaDiariaAcumuladaTreintaDiasBuenosAires,0.00420826518811053,0.7957756617632897
21,VariacionMaizTresDia,31,LluviaDiariaAcumuladaTreintaDiasCordoba,0.02075029498322131,0.20184145835241965
21,VariacionMaizTresDia,32,LluviaDiariaAcumuladaCuarentaCincoDiasSantaFe,nan,1.0
21,VariacionMaizTresDia,33,LluviaDiariaAcumuladaCuarentaCincoDiasBuenosAires,0.004758028589849387,0.7698049142973571
21,VariacionMaizTresDia,34,LluviaDiariaAcumuladaCuarentaCincoDiasCordoba,0.01263605699536989,0.437055992107206
21,VariacionMaizTresDia,35,LluviaDiariaAcumuladaSesentaDiasSantaFe,nan,1.0
21,VariacionMaizTresDia,36,LluviaDiariaAcumuladaSesentaDiasBuenosAires,0.009491519302836683,0.559381201720307
21,VariacionMaizTresDia,37,LluviaDiariaAcumuladaSesentaDiasCordoba,0.01375747830415166,0.39746744098764797
21,VariacionMaizTresDia,38,PrecioPromedioTreintaDiasMaiz,nan,1.0
