0,LluviaDiariaSantaFe,2,LluviaDiariaCordoba,0.06800928812354161,1.90494799774185e-05
0,LluviaDiariaSantaFe,3,CotizacionDolar,0.24835068418560274,1.5314684225213538e-56
0,LluviaDiariaSantaFe,4,PrecioPromedioDiarioSojaUSD,0.01269896347062729,0.4251649488850483
0,LluviaDiariaSantaFe,5,SuperficieSembradaSojaSantaFe,0.012408351227486729,0.43583784113798707
0,LluviaDiariaSantaFe,6,SuperficieSembradaSojaBuenosAires,-0.006363568859352797,0.6894372004047158
0,LluviaDiariaSantaFe,7,SuperficieSembradaSojaCordoba,0.008289850538110767,0.6026530308670472
0,LluviaDiariaSantaFe,8,SuperficieCosechadaSojaSantaFe,0.01911941363224596,0.22984540944032925
0,LluviaDiariaSantaFe,9,SuperficieCosechadaSojaBuenosAires,-0.009961469119496831,0.5315977976662272
0,LluviaDiariaSantaFe,10,SuperficieCosechadaSojaCordoba,0.012169598968602983,0.4447205560186216
0,LluviaDiariaSantaFe,11,ProduccionSojaSantaFe,0.01913657684271061,0.2294273569629332
0,LluviaDiariaSantaFe,12,ProduccionSojaBuenosAires,0.024974133643441285,0.11675221945265556
0,LluviaDiariaSantaFe,13,ProduccionSojaCordoba,0.021086419990880696,0.18539767709535707
0,LluviaDiariaSantaFe,14,RendimientoSojaSantaFe,0.0013952489554964367,0.9301803744572837
0,LluviaDiariaSantaFe,15,RendimientoSojaBuenosAires,-0.010420464191454126,0.5128575413771561
0,LluviaDiariaSantaFe,16,RendimientoSojaCordoba,-0.0028159985544546655,0.8596360816345346
0,LluviaDiariaSantaFe,17,PromedioIncendiosMensualesSantaFe,0.00018781563510766828,0.9905897174354835
0,LluviaDiariaSantaFe,18,PromedioIncendiosMensualesBuenosAires,-0.006891266939017395,0.6651905534792297
0,LluviaDiariaSantaFe,19,PromedioIncendioMensualesCordoba,-0.014509158828646397,0.3621985069516036
0,LluviaDiariaSantaFe,20,VariacionSojaDiaAnterior,0.003953759849383408,0.8039128310665992
0,LluviaDiariaSantaFe,21,VariacionSojaTresDia,0.015440958386396874,0.33219196378410487
0,LluviaDiariaSantaFe,22,VariacionSojaSieteDias,0.010402214103246403,0.513596048271352
0,LluviaDiariaSantaFe,23,LluviaAcumuladaSieteDiasSantaFe,-0.0023936806902037293,0.8805146132839422
0,LluviaDiariaSantaFe,24,LluviaDiariaAcumuladaSieteDiasBuenosAires,0.13550167812469716,1.2459997773803401e-17
0,LluviaDiariaSantaFe,25,LluviaDiariaAcumuladaSieteDiasCordoba,0.16628578747786,7.322455882987963e-26
0,LluviaDiariaSantaFe,26,LluviaDiariaAcumuladaSieteDiasSantaFe,nan,1.0
0,LluviaDiariaSantaFe,27,LluviaDiariaAcumuladaSieteDiasBuenosAires.1,0.13550167812469716,1.2459997773803401e-17
0,LluviaDiariaSantaFe,28,LluviaDiariaAcumuladaSieteDiasCordoba.1,0.16628578747786,7.322455882987963e-26
0,LluviaDiariaSantaFe,29,LluviaDiariaAcumuladaTreintaDiasSantaFe,nan,1.0
0,LluviaDiariaSantaFe,30,LluviaDiariaAcumuladaTreintaDiasBuenosAires,0.14606157776062084,2.922449824070226e-20
0,LluviaDiariaSantaFe,31,LluviaDiariaAcumuladaTreintaDiasCordoba,0.1572732229324392,2.8380085563933594e-23
0,LluviaDiariaSantaFe,32,LluviaDiariaAcumuladaCuarentaCincoDiasSantaFe,nan,1.0
0,LluviaDiariaSantaFe,33,LluviaDiariaAcumuladaCuarentaCincoDiasBuenosAires,0.13966650509635628,1.2085599526035092e-18
0,LluviaDiariaSantaFe,34,LluviaDiariaAcumuladaCuarentaCincoDiasCordoba,0.1614239071098619,1.9032754080216655e-24
0,LluviaDiariaSantaFe,35,LluviaDiariaAcumuladaSesentaDiasSantaFe,nan,1.0
0,LluviaDiariaSantaFe,36,LluviaDiariaAcumuladaSesentaDiasBuenosAires,0.13273436858435742,5.644282969838533e-17
0,LluviaDiariaSantaFe,37,LluviaDiariaAcumuladaSesentaDiasCordoba,0.15156470861827517,1.0364076004932184e-21
0,LluviaDiariaSantaFe,38,PrecioPromedioTreintaDiasSoja,nan,1.0
0,LluviaDiariaSantaFe,39,PrecioPromedioSesentaDiasSoja,0.02057582959092138,0.1962729369064167
0,LluviaDiariaSantaFe,40,PrecioPromedioNoventaDiasSoja,0.02979919884017345,0.06124470577560937
0,LluviaDiariaSantaFe,41,PrecioRealDiaSiguiente,0.03524305808710404,0.0268386617031508
1,LluviaDiariaBuenosAires,3,CotizacionDolar,0.06239486242446789,8.779871334039872e-05
1,LluviaDiariaBuenosAires,4,PrecioPromedioDiarioSojaUSD,0.13089082816593178,1.5174164814238297e-16
1,LluviaDiariaBuenosAires,5,SuperficieSembradaSojaSantaFe,0.13135482727170933,1.184610236175902e-16
1,LluviaDiariaBuenosAires,6,SuperficieSembradaSojaBuenosAires,-0.061785282496044085,0.00010289614673896221
1,LluviaDiariaBuenosAires,7,SuperficieSembradaSojaCordoba,0.11258488448759844,1.3162936285923573e-12
1,LluviaDiariaBuenosAires,8,SuperficieCosechadaSojaSantaFe,0.1443297174121802,8.143259650473762e-20
1,LluviaDiariaBuenosAires,9,SuperficieCosechadaSojaBuenosAires,-0.0887530788458764,2.34405746477645e-08
1,LluviaDiariaBuenosAires,10,SuperficieCosechadaSojaCordoba,0.11044715589341536,3.474088889031393e-12
1,LluviaDiariaBuenosAires,11,ProduccionSojaSantaFe,0.1422974085868225,2.667827755613619e-19
1,LluviaDiariaBuenosAires,12,ProduccionSojaBuenosAires,0.05006110473173775,0.0016570447555253052
1,LluviaDiariaBuenosAires,13,ProduccionSojaCordoba,0.16336086691585783,5.260754276037552e-25
1,LluviaDiariaBuenosAires,14,RendimientoSojaSantaFe,-0.03892757249937961,0.014466225842609301
1,LluviaDiariaBuenosAires,15,RendimientoSojaBuenosAires,0.015624498898314295,0.32647631110799646
1,LluviaDiariaBuenosAires,16,RendimientoSojaCordoba,0.005016456419751445,0.7527450514611292
1,LluviaDiariaBuenosAires,17,PromedioIncendiosMensualesSantaFe,-0.004706240818185715,0.7675807735316447
1,LluviaDiariaBuenosAires,18,PromedioIncendiosMensualesBuenosAires,0.02834494051004491,0.0750198065555651
1,LluviaDiariaBuenosAires,19,PromedioIncendioMensualesCordoba,-0.10273768097289762,9.880319278152524e-11
1,LluviaDiariaBuenosAires,20,VariacionSojaDiaAnterior,-0.08174734052831896,2.7165635331982973e-07
1,LluviaDiariaBuenosAires,21,VariacionSojaTresDia,0.0038647532184592445,0.808240172520518
1,LluviaDiariaBuenosAires,22,VariacionSojaSieteDias,-0.0024286282781068344,0.8787835153954732
1,LluviaDiariaBuenosAires,23,LluviaAcumuladaSieteDiasSantaFe,-0.009691339087019553,0.5427868510278944
1,LluviaDiariaBuenosAires,24,LluviaDiariaAcumuladaSieteDiasBuenosAires,0.018807980606155662,0.23752536863317827
1,LluviaDiariaBuenosAires,25,LluviaDiariaAcumuladaSieteDiasCordoba,0.04184190116048111,0.008570959480877823
1,LluviaDiariaBuenosAires,26,LluviaDiariaAcumuladaSieteDiasSantaFe,nan,1.0
1,LluviaDiariaBuenosAires,27,LluviaDiariaAcumuladaSieteDiasBuenosAires.1,0.018807980606155662,0.23752536863317827
1,LluviaDiariaBuenosAires,28,LluviaDiariaAcumuladaSieteDiasCordoba.1,0.04184190116048111,0.008570959480877823
1,LluviaDiariaBuenosAires,29,LluviaDiariaAcumuladaTreintaDiasSantaFe,nan,1.0
1,LluviaDiariaBuenosAires,30,LluviaDiariaAcumuladaTreintaDiasBuenosAires,0.036383791373652045,0.022279993933499363
1,LluviaDiariaBuenosAires,31,LluviaDiariaAcumuladaTreintaDiasCordoba,0.04181959411202687,0.008606374091782124
1,LluviaDiariaBuenosAires,32,LluviaDiariaAcumuladaCuarentaCincoDiasSantaFe,nan,1.0
1,LluviaDiariaBuenosAires,33,LluviaDiariaAcumuladaCuarentaCincoDiasBuenosAires,0.044050519970911146,0.005647127208465974
1,LluviaDiariaBuenosAires,34,LluviaDiariaAcumuladaCuarentaCincoDiasCordoba,0.052463417242214136,0.0009778231116347328
1,LluviaDiariaBuenosAires,35,LluviaDiariaAcumuladaSesentaDiasSantaFe,nan,1.0
1,LluviaDiariaBuenosAires,36,LluviaDiariaAcumuladaSesentaDiasBuenosAires,0.052321933871247145,0.0010092767857431296
1,LluviaDiariaBuenosAires,37,LluviaDiariaAcumuladaSesentaDiasCordoba,0.048821270724499564,0.002157326007855634
1,LluviaDiariaBuenosAires,38,PrecioPromedioTreintaDiasSoja,nan,1.0
1,LluviaDiariaBuenosAires,39,PrecioPromedioSesentaDiasSoja,0.057559725310682784,0.00029735401533596107
1,LluviaDiariaBuenosAires,40,PrecioPromedioNoventaDiasSoja,0.0870326823367209,4.355160779408772e-08
1,LluviaDiariaBuenosAires,41,PrecioRealDiaSiguiente,0.12249345434009805,1.1510418845061991e-14
2,LluviaDiariaCordoba,4,PrecioPromedioDiarioSojaUSD,0.004222028885394782,0.7909068775098025
2,LluviaDiariaCordoba,5,SuperficieSembradaSojaSantaFe,-0.0006834403805996566,0.9657667318710431
2,LluviaDiariaCordoba,6,SuperficieSembradaSojaBuenosAires,-0.00015783284981785145,0.9920919159660344
2,LluviaDiariaCordoba,7,SuperficieSembradaSojaCordoba,-0.008607836944517186,0.5888116710402347
2,LluviaDiariaCordoba,8,SuperficieCosechadaSojaSantaFe,-0.0015358350716885008,0.9231660879222249
2,LluviaDiariaCordoba,9,SuperficieCosechadaSojaBuenosAires,-0.005491215314955839,0.7302176237334628
2,LluviaDiariaCordoba,10,SuperficieCosechadaSojaCordoba,0.0021867128847504135,0.890778009248101
2,LluviaDiariaCordoba,11,ProduccionSojaSantaFe,-0.0028589161024020586,0.8575195538194902
2,LluviaDiariaCordoba,12,ProduccionSojaBuenosAires,-0.01274211784593014,0.42359319601436307
2,LluviaDiariaCordoba,13,ProduccionSojaCordoba,0.001192162502144751,0.9403224387952045
2,LluviaDiariaCordoba,14,RendimientoSojaSantaFe,-0.025391592105114828,0.11076136053995247
2,LluviaDiariaCordoba,15,RendimientoSojaBuenosAires,0.004901952967496938,0.7582107589220859
2,LluviaDiariaCordoba,16,RendimientoSojaCordoba,-0.000853137288159645,0.9572739963719162
2,LluviaDiariaCordoba,17,PromedioIncendiosMensualesSantaFe,0.012117802755243181,0.4466611584161423
2,LluviaDiariaCordoba,18,PromedioIncendiosMensualesBuenosAires,0.01713291091050439,0.28193647041662195
2,LluviaDiariaCordoba,19,PromedioIncendioMensualesCordoba,-0.023353720127519805,0.14244395716033997
2,LluviaDiariaCordoba,20,VariacionSojaDiaAnterior,-0.014666486476558488,0.35701639440705124
2,LluviaDiariaCordoba,21,VariacionSojaTresDia,0.004230610773120217,0.7904917570977431
2,LluviaDiariaCordoba,22,VariacionSojaSieteDias,0.00969024911240249,0.5428322353534076
2,LluviaDiariaCordoba,23,LluviaAcumuladaSieteDiasSantaFe,0.0006414616052893538,0.9678682588964512
2,LluviaDiariaCordoba,24,LluviaDiariaAcumuladaSieteDiasBuenosAires,0.06490162019294363,4.5045802960745894e-05
2,LluviaDiariaCordoba,25,LluviaDiariaAcumuladaSieteDiasCordoba,0.06860462975152162,1.6085940764511095e-05
2,LluviaDiariaCordoba,26,LluviaDiariaAcumuladaSieteDiasSantaFe,nan,1.0
2,LluviaDiariaCordoba,27,LluviaDiariaAcumuladaSieteDiasBuenosAires.1,0.06490162019294363,4.5045802960745894e-05
2,LluviaDiariaCordoba,28,LluviaDiariaAcumuladaSieteDiasCordoba.1,0.06860462975152162,1.6085940764511095e-05
2,LluviaDiariaCordoba,29,LluviaDiariaAcumuladaTreintaDiasSantaFe,nan,1.0
2,LluviaDiariaCordoba,30,LluviaDiariaAcumuladaTreintaDiasBuenosAires,0.0738775019152959,3.3899704974198477e-06
2,LluviaDiariaCordoba,31,LluviaDiariaAcumuladaTreintaDiasCordoba,0.09925140603391497,4.1533790975793684e-10
2,LluviaDiariaCordoba,32,LluviaDiariaAcumuladaCuarentaCincoDiasSantaFe,nan,1.0
2,LluviaDiariaCordoba,33,LluviaDiariaAcumuladaCuarentaCincoDiasBuenosAires,0.06180445649177328,0.00010238607442931157
2,LluviaDiariaCordoba,34,LluviaDiariaAcumuladaCuarentaCincoDiasCordoba,0.09446080385872266,2.7615367973958735e-09
2,LluviaDiariaCordoba,35,LluviaDiariaAcumuladaSesentaDiasSantaFe,nan,1.0
2,LluviaDiariaCordoba,36,LluviaDiariaAcumuladaSesentaDiasBuenosAires,0.06622143865378859,3.139597299276889e-05
2,LluviaDiariaCordoba,37,LluviaDiariaAcumuladaSesentaDiasCordoba,0.08850562162337905,2.564345718699291e-08
2,LluviaDiariaCordoba,38,PrecioPromedioTreintaDiasSoja,nan,1.0
2,LluviaDiariaCordoba,39,PrecioPromedioSesentaDiasSoja,-0.004137669380945285,0.7949906280511074
2,LluviaDiariaCordoba,40,PrecioPromedioNoventaDiasSoja,0.008397260131161703,0.5979613182113497
2,LluviaDiariaCordoba,41,PrecioRealDiaSiguiente,-0.005028212670820635,0.7521845740846892
3,CotizacionDolar,5,SuperficieSembradaSojaSantaFe,0.34760369380834477,1.8852617035274973e-112
3,CotizacionDolar,6,SuperficieSembradaSojaBuenosAires,-0.11988394801777986,4.167717565139525e-14
3,CotizacionDolar,7,SuperficieSembradaSojaCordoba,0.40174483658755133,5.632656577846116e-153
3,CotizacionDolar,8,SuperficieCosechadaSojaSantaFe,0.5505514332186021,1.220657492219e-311
3,CotizacionDolar,9,SuperficieCosechadaSojaBuenosAires,-0.39071942000161075,4.361022661361115e-144
3,CotizacionDolar,10,SuperficieCosechadaSojaCordoba,0.3956504092195347,5.081408125913545e-148
3,CotizacionDolar,11,ProduccionSojaSantaFe,0.5249107419064223,2.1993249842278854e-278
3,CotizacionDolar,12,ProduccionSojaBuenosAires,0.28003804610730926,5.168749806150738e-72
3,CotizacionDolar,13,ProduccionSojaCordoba,0.682570045159513,0.0
3,CotizacionDolar,14,RendimientoSojaSantaFe,-0.4876383874585583,7.334050116080465e-235
3,CotizacionDolar,15,RendimientoSojaBuenosAires,-0.1300298420803549,2.3967264975116647e-16
3,CotizacionDolar,16,RendimientoSojaCordoba,-0.13406053966632472,2.747251716844051e-17
3,CotizacionDolar,17,PromedioIncendiosMensualesSantaFe,-0.055558551345743064,0.00048009433528144684
3,CotizacionDolar,18,PromedioIncendiosMensualesBuenosAires,-0.19687393368965644,8.954245780801859e-36
3,CotizacionDolar,19,PromedioIncendioMensualesCordoba,-0.4066968302697365,4.4372468841100894e-157
3,CotizacionDolar,20,VariacionSojaDiaAnterior,-0.36859921673939916,2.9868952937356624e-127
3,CotizacionDolar,21,VariacionSojaTresDia,-0.007030989584273793,0.6588274868781251
3,CotizacionDolar,22,VariacionSojaSieteDias,-0.011816139833836795,0.4580585565114794
3,CotizacionDolar,23,LluviaAcumuladaSieteDiasSantaFe,-0.016883041690800415,0.28901501490297093
3,CotizacionDolar,24,LluviaDiariaAcumuladaSieteDiasBuenosAires,0.05114039353288038,0.0013109077696465857
3,CotizacionDolar,25,LluviaDiariaAcumuladaSieteDiasCordoba,0.015902507590317236,0.31794121447670776
3,CotizacionDolar,26,LluviaDiariaAcumuladaSieteDiasSantaFe,nan,1.0
3,CotizacionDolar,27,LluviaDiariaAcumuladaSieteDiasBuenosAires.1,0.05114039353288038,0.0013109077696465857
3,CotizacionDolar,28,LluviaDiariaAcumuladaSieteDiasCordoba.1,0.015902507590317236,0.31794121447670776
3,CotizacionDolar,29,LluviaDiariaAcumuladaTreintaDiasSantaFe,nan,1.0
3,CotizacionDolar,30,LluviaDiariaAcumuladaTreintaDiasBuenosAires,0.08336520252032371,1.5692838241543236e-07
3,CotizacionDolar,31,LluviaDiariaAcumuladaTreintaDiasCordoba,0.02888044578078974,0.06967893050032917
3,CotizacionDolar,32,LluviaDiariaAcumuladaCuarentaCincoDiasSantaFe,nan,1.0
3,CotizacionDolar,33,LluviaDiariaAcumuladaCuarentaCincoDiasBuenosAires,0.09416887916985274,3.0903706515695985e-09
3,CotizacionDolar,34,LluviaDiariaAcumuladaCuarentaCincoDiasCordoba,0.03098305176602834,0.051640450345125564
3,CotizacionDolar,35,LluviaDiariaAcumuladaSesentaDiasSantaFe,nan,1.0
3,CotizacionDolar,36,LluviaDiariaAcumuladaSesentaDiasBuenosAires,0.09883457864584708,4.915401150170758e-10
3,CotizacionDolar,37,LluviaDiariaAcumuladaSesentaDiasCordoba,0.03597737646515179,0.023820414596739763
3,CotizacionDolar,38,PrecioPromedioTreintaDiasSoja,nan,1.0
3,CotizacionDolar,39,PrecioPromedioSesentaDiasSoja,0.3300185716577921,6.724747185342772e-101
3,CotizacionDolar,40,PrecioPromedioNoventaDiasSoja,0.34120795070510257,3.665940821546118e-108
3,CotizacionDolar,41,PrecioRealDiaSiguiente,0.3514133970370749,4.705025800072408e-115
4,PrecioPromedioDiarioSojaUSD,6,SuperficieSembradaSojaBuenosAires,-0.17214759226591772,1.2611221711410332e-27
4,PrecioPromedioDiarioSojaUSD,7,SuperficieSembradaSojaCordoba,0.5472567479611368,3.3314742230420245e-307
4,PrecioPromedioDiarioSojaUSD,8,SuperficieCosechadaSojaSantaFe,0.7175004040581628,0.0
4,PrecioPromedioDiarioSojaUSD,9,SuperficieCosechadaSojaBuenosAires,-0.22837049899252845,7.431195550665478e-48
4,PrecioPromedioDiarioSojaUSD,10,SuperficieCosechadaSojaCordoba,0.4434869645121175,7.873369678084778e-190
4,PrecioPromedioDiarioSojaUSD,11,ProduccionSojaSantaFe,0.7183165304201627,0.0
4,PrecioPromedioDiarioSojaUSD,12,ProduccionSojaBuenosAires,0.22456595807520424,2.7157188205276504e-46
4,PrecioPromedioDiarioSojaUSD,13,ProduccionSojaCordoba,0.6853969581205699,0.0
4,PrecioPromedioDiarioSojaUSD,14,RendimientoSojaSantaFe,0.07476653467397591,2.5798217094582085e-06
4,PrecioPromedioDiarioSojaUSD,15,RendimientoSojaBuenosAires,0.35551113810752427,6.798744125790021e-118
4,PrecioPromedioDiarioSojaUSD,16,RendimientoSojaCordoba,0.14240774056748395,2.5024792679410266e-19
4,PrecioPromedioDiarioSojaUSD,17,PromedioIncendiosMensualesSantaFe,0.19280984385034378,2.348738649481055e-34
4,PrecioPromedioDiarioSojaUSD,18,PromedioIncendiosMensualesBuenosAires,0.38910491617084664,8.184132413782473e-143
4,PrecioPromedioDiarioSojaUSD,19,PromedioIncendioMensualesCordoba,-0.373175321968648,1.2562837577240065e-130
4,PrecioPromedioDiarioSojaUSD,20,VariacionSojaDiaAnterior,-0.34370671742826014,7.953614939536489e-110
4,PrecioPromedioDiarioSojaUSD,21,VariacionSojaTresDia,0.03379234775470559,0.03378116521629087
4,PrecioPromedioDiarioSojaUSD,22,VariacionSojaSieteDias,0.05472111318956458,0.0005840517356812486
4,PrecioPromedioDiarioSojaUSD,23,LluviaAcumuladaSieteDiasSantaFe,0.08048318034729109,4.1414274910230225e-07
4,PrecioPromedioDiarioSojaUSD,24,LluviaDiariaAcumuladaSieteDiasBuenosAires,0.024330772950787477,0.12647954817286594
4,PrecioPromedioDiarioSojaUSD,25,LluviaDiariaAcumuladaSieteDiasCordoba,0.011958954870660307,0.45264251580255754
4,PrecioPromedioDiarioSojaUSD,26,LluviaDiariaAcumuladaSieteDiasSantaFe,nan,1.0
4,PrecioPromedioDiarioSojaUSD,27,LluviaDiariaAcumuladaSieteDiasBuenosAires.1,0.024330772950787477,0.12647954817286594
4,PrecioPromedioDiarioSojaUSD,28,LluviaDiariaAcumuladaSieteDiasCordoba.1,0.011958954870660307,0.45264251580255754
4,PrecioPromedioDiarioSojaUSD,29,LluviaDiariaAcumuladaTreintaDiasSantaFe,nan,1.0
4,PrecioPromedioDiarioSojaUSD,30,LluviaDiariaAcumuladaTreintaDiasBuenosAires,0.010269518236583675,0.5189823015767837
4,PrecioPromedioDiarioSojaUSD,31,LluviaDiariaAcumuladaTreintaDiasCordoba,0.01378448941353568,0.3866712943098559
4,PrecioPromedioDiarioSojaUSD,32,LluviaDiariaAcumuladaCuarentaCincoDiasSantaFe,nan,1.0
4,PrecioPromedioDiarioSojaUSD,33,LluviaDiariaAcumuladaCuarentaCincoDiasBuenosAires,-0.006501450834137586,0.6830697147539451
4,PrecioPromedioDiarioSojaUSD,34,LluviaDiariaAcumuladaCuarentaCincoDiasCordoba,-0.0049735559914119865,0.7547914258609507
4,PrecioPromedioDiarioSojaUSD,35,LluviaDiariaAcumuladaSesentaDiasSantaFe,nan,1.0
4,PrecioPromedioDiarioSojaUSD,36,LluviaDiariaAcumuladaSesentaDiasBuenosAires,-0.022025652998437426,0.166567016918923
4,PrecioPromedioDiarioSojaUSD,37,LluviaDiariaAcumuladaSesentaDiasCordoba,-0.02024463221925095,0.20357273015510818
4,PrecioPromedioDiarioSojaUSD,38,PrecioPromedioTreintaDiasSoja,nan,1.0
4,PrecioPromedioDiarioSojaUSD,39,PrecioPromedioSesentaDiasSoja,0.4165237581277494,1.9721703624758443e-165
4,PrecioPromedioDiarioSojaUSD,40,PrecioPromedioNoventaDiasSoja,0.5387472417336653,5.673385381150037e-296
4,PrecioPromedioDiarioSojaUSD,41,PrecioRealDiaSiguiente,0.6208629142139384,0.0
5,SuperficieSembradaSojaSantaFe,7,SuperficieSembradaSojaCordoba,-0.26008297515715345,5.050748268091213e-62
5,SuperficieSembradaSojaSantaFe,8,SuperficieCosechadaSojaSantaFe,0.10168328491517455,1.5332048013774787e-10
5,SuperficieSembradaSojaSantaFe,9,SuperficieCosechadaSojaBuenosAires,0.9338900694009812,0.0
5,SuperficieSembradaSojaSantaFe,10,SuperficieCosechadaSojaCordoba,-0.43056871474201375,7.293108243236875e-178
5,SuperficieSembradaSojaSantaFe,11,ProduccionSojaSantaFe,0.09985889939829008,3.2452142179639377e-10
5,SuperficieSembradaSojaSantaFe,12,ProduccionSojaBuenosAires,0.010953517288873638,0.4915334720268437
5,SuperficieSembradaSojaSantaFe,13,ProduccionSojaCordoba,-0.14022134099884048,8.809175499007066e-19
5,SuperficieSembradaSojaSantaFe,14,RendimientoSojaSantaFe,0.15286886257303017,4.611000761588997e-22
5,SuperficieSembradaSojaSantaFe,15,RendimientoSojaBuenosAires,0.19145549573888662,6.865149427825249e-34
5,SuperficieSembradaSojaSantaFe,16,RendimientoSojaCordoba,0.08874389790579881,2.3518919944687377e-08
5,SuperficieSembradaSojaSantaFe,17,PromedioIncendiosMensualesSantaFe,0.14107790499010614,5.393024646710748e-19
5,SuperficieSembradaSojaSantaFe,18,PromedioIncendiosMensualesBuenosAires,0.2499352972813777,2.8932539903505324e-57
5,SuperficieSembradaSojaSantaFe,19,PromedioIncendioMensualesCordoba,0.629995089452001,0.0
5,SuperficieSembradaSojaSantaFe,20,VariacionSojaDiaAnterior,0.04993403624890933,0.0017029087681540186
5,SuperficieSembradaSojaSantaFe,21,VariacionSojaTresDia,-0.00016529070016106564,0.9917182596630741
5,SuperficieSembradaSojaSantaFe,22,VariacionSojaSieteDias,-0.0018133442185690961,0.9093383089413326
5,SuperficieSembradaSojaSantaFe,23,LluviaAcumuladaSieteDiasSantaFe,-0.0033980023301491283,0.8310259270750224
5,SuperficieSembradaSojaSantaFe,24,LluviaDiariaAcumuladaSieteDiasBuenosAires,-0.02544789552333567,0.10997227320277207
5,SuperficieSembradaSojaSantaFe,25,LluviaDiariaAcumuladaSieteDiasCordoba,-0.0262090029700819,0.09973551633449604
5,SuperficieSembradaSojaSantaFe,26,LluviaDiariaAcumuladaSieteDiasSantaFe,nan,1.0
5,SuperficieSembradaSojaSantaFe,27,LluviaDiariaAcumuladaSieteDiasBuenosAires.1,-0.02544789552333567,0.10997227320277207
5,SuperficieSembradaSojaSantaFe,28,LluviaDiariaAcumuladaSieteDiasCordoba.1,-0.0262090029700819,0.09973551633449604
5,SuperficieSembradaSojaSantaFe,29,LluviaDiariaAcumuladaTreintaDiasSantaFe,nan,1.0
5,SuperficieSembradaSojaSantaFe,30,LluviaDiariaAcumuladaTreintaDiasBuenosAires,-0.04121825628612851,0.009611672214095705
5,SuperficieSembradaSojaSantaFe,31,LluviaDiariaAcumuladaTreintaDiasCordoba,-0.054645539564176504,0.0005943976724061699
5,SuperficieSembradaSojaSantaFe,32,LluviaDiariaAcumuladaCuarentaCincoDiasSantaFe,nan,1.0
5,SuperficieSembradaSojaSantaFe,33,LluviaDiariaAcumuladaCuarentaCincoDiasBuenosAires,-0.04804142815263969,0.0025393335404817054
5,SuperficieSembradaSojaSantaFe,34,LluviaDiariaAcumuladaCuarentaCincoDiasCordoba,-0.05647669620027839,0.00038608564356030264
5,SuperficieSembradaSojaSantaFe,35,LluviaDiariaAcumuladaSesentaDiasSantaFe,nan,1.0
5,SuperficieSembradaSojaSantaFe,36,LluviaDiariaAcumuladaSesentaDiasBuenosAires,-0.04760006527731073,0.0027820160809969995
5,SuperficieSembradaSojaSantaFe,37,LluviaDiariaAcumuladaSesentaDiasCordoba,-0.05708978364225306,0.000333211159088329
5,SuperficieSembradaSojaSantaFe,38,PrecioPromedioTreintaDiasSoja,nan,1.0
5,SuperficieSembradaSojaSantaFe,39,PrecioPromedioSesentaDiasSoja,0.03548099190583594,0.025826417032434514
5,SuperficieSembradaSojaSantaFe,40,PrecioPromedioNoventaDiasSoja,-0.02173675726659109,0.17219937337046268
5,SuperficieSembradaSojaSantaFe,41,PrecioRealDiaSiguiente,-0.06404849907629527,5.668391378421294e-05
6,SuperficieSembradaSojaBuenosAires,8,SuperficieCosechadaSojaSantaFe,0.5239186261377744,3.7352727856046216e-277
6,SuperficieSembradaSojaBuenosAires,9,SuperficieCosechadaSojaBuenosAires,-0.37865437541065794,9.644056215627245e-135
6,SuperficieSembradaSojaBuenosAires,10,SuperficieCosechadaSojaCordoba,0.8629759530291174,0.0
6,SuperficieSembradaSojaBuenosAires,11,ProduccionSojaSantaFe,0.5195529285376023,8.642973578775087e-272
6,SuperficieSembradaSojaBuenosAires,12,ProduccionSojaBuenosAires,0.16825401180692268,1.9032139151908515e-26
6,SuperficieSembradaSojaBuenosAires,13,ProduccionSojaCordoba,0.5381506203174417,3.382606530321017e-295
6,SuperficieSembradaSojaBuenosAires,14,RendimientoSojaSantaFe,-0.3206114792793765,5.041306531278202e-95
6,SuperficieSembradaSojaBuenosAires,15,RendimientoSojaBuenosAires,0.12148546173934463,1.8983180179582658e-14
6,SuperficieSembradaSojaBuenosAires,16,RendimientoSojaCordoba,0.012882421572608086,0.41850664932522663
6,SuperficieSembradaSojaBuenosAires,17,PromedioIncendiosMensualesSantaFe,0.0030289479680309663,0.8491444421919524
6,SuperficieSembradaSojaBuenosAires,18,PromedioIncendiosMensualesBuenosAires,0.2463335508157176,1.2557208890903407e-55
6,SuperficieSembradaSojaBuenosAires,19,PromedioIncendioMensualesCordoba,-0.3649415942657025,1.3630285836400032e-124
6,SuperficieSembradaSojaBuenosAires,20,VariacionSojaDiaAnterior,-0.6768791145271497,0.0
6,SuperficieSembradaSojaBuenosAires,21,VariacionSojaTresDia,-0.01375648584018761,0.3876368113688119
6,SuperficieSembradaSojaBuenosAires,22,VariacionSojaSieteDias,-0.024878163815789965,0.11816479276130509
6,SuperficieSembradaSojaBuenosAires,23,LluviaAcumuladaSieteDiasSantaFe,-0.039874843001593795,0.012244154734968853
6,SuperficieSembradaSojaBuenosAires,24,LluviaDiariaAcumuladaSieteDiasBuenosAires,0.015754291219397778,0.3224732253780658
6,SuperficieSembradaSojaBuenosAires,25,LluviaDiariaAcumuladaSieteDiasCordoba,0.009025964549909444,0.5708380526025733
6,SuperficieSembradaSojaBuenosAires,26,LluviaDiariaAcumuladaSieteDiasSantaFe,nan,1.0
6,SuperficieSembradaSojaBuenosAires,27,LluviaDiariaAcumuladaSieteDiasBuenosAires.1,0.015754291219397778,0.3224732253780658
6,SuperficieSembradaSojaBuenosAires,28,LluviaDiariaAcumuladaSieteDiasCordoba.1,0.009025964549909444,0.5708380526025733
6,SuperficieSembradaSojaBuenosAires,29,LluviaDiariaAcumuladaTreintaDiasSantaFe,nan,1.0
6,SuperficieSembradaSojaBuenosAires,30,LluviaDiariaAcumuladaTreintaDiasBuenosAires,0.02605733378341944,0.10171242428012996
6,SuperficieSembradaSojaBuenosAires,31,LluviaDiariaAcumuladaTreintaDiasCordoba,0.027597758364614016,0.08302554647938995
6,SuperficieSembradaSojaBuenosAires,32,LluviaDiariaAcumuladaCuarentaCincoDiasSantaFe,nan,1.0
6,SuperficieSembradaSojaBuenosAires,33,LluviaDiariaAcumuladaCuarentaCincoDiasBuenosAires,0.03176403976496359,0.046021164495947724
6,SuperficieSembradaSojaBuenosAires,34,LluviaDiariaAcumuladaCuarentaCincoDiasCordoba,0.019169626755967013,0.22862386854806202
6,SuperficieSembradaSojaBuenosAires,35,LluviaDiariaAcumuladaSesentaDiasSantaFe,nan,1.0
6,SuperficieSembradaSojaBuenosAires,36,LluviaDiariaAcumuladaSesentaDiasBuenosAires,0.03353950326656418,0.03513641922627962
6,SuperficieSembradaSojaBuenosAires,37,LluviaDiariaAcumuladaSesentaDiasCordoba,0.02843422831220825,0.07410676268825372
6,SuperficieSembradaSojaBuenosAires,38,PrecioPromedioTreintaDiasSoja,nan,1.0
6,SuperficieSembradaSojaBuenosAires,39,PrecioPromedioSesentaDiasSoja,0.2268761411762903,3.0785739863158372e-47
6,SuperficieSembradaSojaBuenosAires,40,PrecioPromedioNoventaDiasSoja,0.3392475847798642,7.222003246792856e-107
6,SuperficieSembradaSojaBuenosAires,41,PrecioRealDiaSiguiente,0.4146489087886724,8.130451859986568e-164
7,SuperficieSembradaSojaCordoba,9,SuperficieCosechadaSojaBuenosAires,0.0004114269861763414,0.9793877470379105
7,SuperficieSembradaSojaCordoba,10,SuperficieCosechadaSojaCordoba,0.45362521927639876,1.3633425064257314e-199
7,SuperficieSembradaSojaCordoba,11,ProduccionSojaSantaFe,0.9987278692693048,0.0
7,SuperficieSembradaSojaCordoba,12,ProduccionSojaBuenosAires,0.43860540200005593,3.0155310429452927e-185
7,SuperficieSembradaSojaCordoba,13,ProduccionSojaCordoba,0.8275648890048206,0.0
7,SuperficieSembradaSojaCordoba,14,RendimientoSojaSantaFe,-0.1576995847844435,2.1573664292246618e-23
7,SuperficieSembradaSojaCordoba,15,RendimientoSojaBuenosAires,0.13461335312663705,2.0305709980037138e-17
7,SuperficieSembradaSojaCordoba,16,RendimientoSojaCordoba,0.15884278279770284,1.030310778567826e-23
7,SuperficieSembradaSojaCordoba,17,PromedioIncendiosMensualesSantaFe,0.25988634900558166,6.27465883842455e-62
7,SuperficieSembradaSojaCordoba,18,PromedioIncendiosMensualesBuenosAires,0.348891308306138,2.5102039138618532e-113
7,SuperficieSembradaSojaCordoba,19,PromedioIncendioMensualesCordoba,-0.34866095290245397,3.6030342688102696e-113
7,SuperficieSembradaSojaCordoba,20,VariacionSojaDiaAnterior,-0.4034121212746943,2.3815381287535106e-154
7,SuperficieSembradaSojaCordoba,21,VariacionSojaTresDia,-0.013503901411627005,0.3964117291736763
7,SuperficieSembradaSojaCordoba,22,VariacionSojaSieteDias,-0.02222093843698293,0.1628388725462999
7,SuperficieSembradaSojaCordoba,23,LluviaAcumuladaSieteDiasSantaFe,-0.03224097448163306,0.04284966676480915
7,SuperficieSembradaSojaCordoba,24,LluviaDiariaAcumuladaSieteDiasBuenosAires,0.01738177747360354,0.27500410317937735
7,SuperficieSembradaSojaCordoba,25,LluviaDiariaAcumuladaSieteDiasCordoba,0.021367866800987675,0.1795968373339593
7,SuperficieSembradaSojaCordoba,26,LluviaDiariaAcumuladaSieteDiasSantaFe,nan,1.0
7,SuperficieSembradaSojaCordoba,27,LluviaDiariaAcumuladaSieteDiasBuenosAires.1,0.01738177747360354,0.27500410317937735
7,SuperficieSembradaSojaCordoba,28,LluviaDiariaAcumuladaSieteDiasCordoba.1,0.021367866800987675,0.1795968373339593
7,SuperficieSembradaSojaCordoba,29,LluviaDiariaAcumuladaTreintaDiasSantaFe,nan,1.0
7,SuperficieSembradaSojaCordoba,30,LluviaDiariaAcumuladaTreintaDiasBuenosAires,0.015011398023473064,0.3458199061484615
7,SuperficieSembradaSojaCordoba,31,LluviaDiariaAcumuladaTreintaDiasCordoba,0.04825672872784595,0.0024281172175265563
7,SuperficieSembradaSojaCordoba,32,LluviaDiariaAcumuladaCuarentaCincoDiasSantaFe,nan,1.0
7,SuperficieSembradaSojaCordoba,33,LluviaDiariaAcumuladaCuarentaCincoDiasBuenosAires,0.015504819098285608,0.3301959831672173
7,SuperficieSembradaSojaCordoba,34,LluviaDiariaAcumuladaCuarentaCincoDiasCordoba,0.04005112439010371,0.011865756550986956
7,SuperficieSembradaSojaCordoba,35,LluviaDiariaAcumuladaSesentaDiasSantaFe,nan,1.0
7,SuperficieSembradaSojaCordoba,36,LluviaDiariaAcumuladaSesentaDiasBuenosAires,0.013841398736469307,0.38471367953786983
7,SuperficieSembradaSojaCordoba,37,LluviaDiariaAcumuladaSesentaDiasCordoba,0.039819003732989945,0.012366225937588585
7,SuperficieSembradaSojaCordoba,38,PrecioPromedioTreintaDiasSoja,nan,1.0
7,SuperficieSembradaSojaCordoba,39,PrecioPromedioSesentaDiasSoja,0.50159454145027,1.579113148732048e-250
7,SuperficieSembradaSojaCordoba,40,PrecioPromedioNoventaDiasSoja,0.5931452090565538,0.0
7,SuperficieSembradaSojaCordoba,41,PrecioRealDiaSiguiente,0.6470355260170624,0.0
8,SuperficieCosechadaSojaSantaFe,10,SuperficieCosechadaSojaCordoba,-0.547373099187947,2.3271299426703003e-307
8,SuperficieCosechadaSojaSantaFe,11,ProduccionSojaSantaFe,0.0137081605463943,0.38930643898736084
8,SuperficieCosechadaSojaSantaFe,12,ProduccionSojaBuenosAires,0.06665154331214077,2.7871321559020647e-05
8,SuperficieCosechadaSojaSantaFe,13,ProduccionSojaCordoba,-0.2870216651861174,1.0343141407249918e-75
8,SuperficieCosechadaSojaSantaFe,14,RendimientoSojaSantaFe,0.3765701399968666,3.621736759773535e-133
8,SuperficieCosechadaSojaSantaFe,15,RendimientoSojaBuenosAires,0.16383684421456748,3.826134829914454e-25
8,SuperficieCosechadaSojaSantaFe,16,RendimientoSojaCordoba,0.10156714152759341,1.608802259812369e-10
8,SuperficieCosechadaSojaSantaFe,17,PromedioIncendiosMensualesSantaFe,0.13326662633256955,4.231357864872642e-17
8,SuperficieCosechadaSojaSantaFe,18,PromedioIncendiosMensualesBuenosAires,0.2527729730932151,1.420403249444919e-58
8,SuperficieCosechadaSojaSantaFe,19,PromedioIncendioMensualesCordoba,0.6717782783398948,0.0
8,SuperficieCosechadaSojaSantaFe,20,VariacionSojaDiaAnterior,0.11504615108733815,4.208970363956972e-13
8,SuperficieCosechadaSojaSantaFe,21,VariacionSojaTresDia,-0.00245153166359141,0.8776493300436286
8,SuperficieCosechadaSojaSantaFe,22,VariacionSojaSieteDias,-0.005770807930445622,0.717057521850535
8,SuperficieCosechadaSojaSantaFe,23,LluviaAcumuladaSieteDiasSantaFe,-0.009796526646283641,0.5384159670167723
8,SuperficieCosechadaSojaSantaFe,24,LluviaDiariaAcumuladaSieteDiasBuenosAires,-0.04299818503092346,0.006904430461290508
8,SuperficieCosechadaSojaSantaFe,25,LluviaDiariaAcumuladaSieteDiasCordoba,-0.027513580910108085,0.08396930643754702
8,SuperficieCosechadaSojaSantaFe,26,LluviaDiariaAcumuladaSieteDiasSantaFe,nan,1.0
8,SuperficieCosechadaSojaSantaFe,27,LluviaDiariaAcumuladaSieteDiasBuenosAires.1,-0.04299818503092346,0.006904430461290508
8,SuperficieCosechadaSojaSantaFe,28,LluviaDiariaAcumuladaSieteDiasCordoba.1,-0.027513580910108085,0.08396930643754702
8,SuperficieCosechadaSojaSantaFe,29,LluviaDiariaAcumuladaTreintaDiasSantaFe,nan,1.0
8,SuperficieCosechadaSojaSantaFe,30,LluviaDiariaAcumuladaTreintaDiasBuenosAires,-0.07000681228612814,1.0743609775244573e-05
8,SuperficieCosechadaSojaSantaFe,31,LluviaDiariaAcumuladaTreintaDiasCordoba,-0.0510096974662104,0.001348947600838372
8,SuperficieCosechadaSojaSantaFe,32,LluviaDiariaAcumuladaCuarentaCincoDiasSantaFe,nan,1.0
8,SuperficieCosechadaSojaSantaFe,33,LluviaDiariaAcumuladaCuarentaCincoDiasBuenosAires,-0.0801518517503613,4.6206184244665954e-07
8,SuperficieCosechadaSojaSantaFe,34,LluviaDiariaAcumuladaCuarentaCincoDiasCordoba,-0.0543893260826361,0.0006307557482289856
8,SuperficieCosechadaSojaSantaFe,35,LluviaDiariaAcumuladaSesentaDiasSantaFe,nan,1.0
8,SuperficieCosechadaSojaSantaFe,36,LluviaDiariaAcumuladaSesentaDiasBuenosAires,-0.08382348249261562,1.3408734100672475e-07
8,SuperficieCosechadaSojaSantaFe,37,LluviaDiariaAcumuladaSesentaDiasCordoba,-0.05998058006006417,0.00016323935592584194
8,SuperficieCosechadaSojaSantaFe,38,PrecioPromedioTreintaDiasSoja,nan,1.0
8,SuperficieCosechadaSojaSantaFe,39,PrecioPromedioSesentaDiasSoja,-0.0091927231400137,0.5637433470419853
8,SuperficieCosechadaSojaSantaFe,40,PrecioPromedioNoventaDiasSoja,-0.05773494175997027,0.00028493486828086787
8,SuperficieCosechadaSojaSantaFe,41,PrecioRealDiaSiguiente,-0.09784471237375256,7.312899137102991e-10
9,SuperficieCosechadaSojaBuenosAires,11,ProduccionSojaSantaFe,0.4440194094246835,2.4643538812620904e-190
9,SuperficieCosechadaSojaBuenosAires,12,ProduccionSojaBuenosAires,0.17175650388727784,1.661212628168393e-27
9,SuperficieCosechadaSojaBuenosAires,13,ProduccionSojaCordoba,0.48783743162791054,4.435832636386829e-235
9,SuperficieCosechadaSojaBuenosAires,14,RendimientoSojaSantaFe,-0.48579737059741385,7.555476261471285e-233
9,SuperficieCosechadaSojaBuenosAires,15,RendimientoSojaBuenosAires,-0.12091753591816286,2.511879398679641e-14
9,SuperficieCosechadaSojaBuenosAires,16,RendimientoSojaCordoba,0.08215511616516036,2.3679413651482314e-07
9,SuperficieCosechadaSojaBuenosAires,17,PromedioIncendiosMensualesSantaFe,0.04709447736497109,0.0030859152134944
9,SuperficieCosechadaSojaBuenosAires,18,PromedioIncendiosMensualesBuenosAires,0.2650393968081685,2.000336851066772e-64
9,SuperficieCosechadaSojaBuenosAires,19,PromedioIncendioMensualesCordoba,-0.6500765173416091,0.0
9,SuperficieCosechadaSojaBuenosAires,20,VariacionSojaDiaAnterior,-0.5204622065277665,6.6964134973193915e-273
9,SuperficieCosechadaSojaBuenosAires,21,VariacionSojaTresDia,-0.006210175939739216,0.6965468997502724
9,SuperficieCosechadaSojaBuenosAires,22,VariacionSojaSieteDias,-0.01075035723962196,0.49960407511714855
9,SuperficieCosechadaSojaBuenosAires,23,LluviaAcumuladaSieteDiasSantaFe,-0.01688085926706896,0.2890773634970381
9,SuperficieCosechadaSojaBuenosAires,24,LluviaDiariaAcumuladaSieteDiasBuenosAires,0.030477486038924924,0.0555756661454758
9,SuperficieCosechadaSojaBuenosAires,25,LluviaDiariaAcumuladaSieteDiasCordoba,0.03246804719251527,0.041405820845209856
9,SuperficieCosechadaSojaBuenosAires,26,LluviaDiariaAcumuladaSieteDiasSantaFe,nan,1.0
9,SuperficieCosechadaSojaBuenosAires,27,LluviaDiariaAcumuladaSieteDiasBuenosAires.1,0.030477486038924924,0.0555756661454758
9,SuperficieCosechadaSojaBuenosAires,28,LluviaDiariaAcumuladaSieteDiasCordoba.1,0.03246804719251527,0.041405820845209856
9,SuperficieCosechadaSojaBuenosAires,29,LluviaDiariaAcumuladaTreintaDiasSantaFe,nan,1.0
9,SuperficieCosechadaSojaBuenosAires,30,LluviaDiariaAcumuladaTreintaDiasBuenosAires,0.038917126684622196,0.014492592308149074
9,SuperficieCosechadaSojaBuenosAires,31,LluviaDiariaAcumuladaTreintaDiasCordoba,0.05914333962810827,0.0002013666712152516
9,SuperficieCosechadaSojaBuenosAires,32,LluviaDiariaAcumuladaCuarentaCincoDiasSantaFe,nan,1.0
9,SuperficieCosechadaSojaBuenosAires,33,LluviaDiariaAcumuladaCuarentaCincoDiasBuenosAires,0.045566095652900915,0.004197638893250247
9,SuperficieCosechadaSojaBuenosAires,34,LluviaDiariaAcumuladaCuarentaCincoDiasCordoba,0.05724812072070998,0.0003207009078987878
9,SuperficieCosechadaSojaBuenosAires,35,LluviaDiariaAcumuladaSesentaDiasSantaFe,nan,1.0
9,SuperficieCosechadaSojaBuenosAires,36,LluviaDiariaAcumuladaSesentaDiasBuenosAires,0.0495997871731149,0.0018291819815327796
9,SuperficieCosechadaSojaBuenosAires,37,LluviaDiariaAcumuladaSesentaDiasCordoba,0.07210590637745658,5.7888506689314795e-06
9,SuperficieCosechadaSojaBuenosAires,38,PrecioPromedioTreintaDiasSoja,nan,1.0
9,SuperficieCosechadaSojaBuenosAires,39,PrecioPromedioSesentaDiasSoja,0.08571487018667873,6.944997464034563e-08
9,SuperficieCosechadaSojaBuenosAires,40,PrecioPromedioNoventaDiasSoja,0.19624704499662943,1.48915439473267e-35
9,SuperficieCosechadaSojaBuenosAires,41,PrecioRealDiaSiguiente,0.27094078662842236,2.3608245448712758e-67
10,SuperficieCosechadaSojaCordoba,12,ProduccionSojaBuenosAires,0.451512144493941,1.5724258558770822e-197
10,SuperficieCosechadaSojaCordoba,13,ProduccionSojaCordoba,0.8138013589411416,0.0
10,SuperficieCosechadaSojaCordoba,14,RendimientoSojaSantaFe,-0.12583620035317972,2.126655215072488e-15
10,SuperficieCosechadaSojaCordoba,15,RendimientoSojaBuenosAires,0.13717244575961363,4.92917723697021e-18
10,SuperficieCosechadaSojaCordoba,16,RendimientoSojaCordoba,0.16745315752652487,3.299532627089801e-26
10,SuperficieCosechadaSojaCordoba,17,PromedioIncendiosMensualesSantaFe,0.2672280943361852,1.6741223496470388e-65
10,SuperficieCosechadaSojaCordoba,18,PromedioIncendiosMensualesBuenosAires,0.34736137688463753,2.752345873641088e-112
10,SuperficieCosechadaSojaCordoba,19,PromedioIncendioMensualesCordoba,-0.33757708455539764,9.001978587384728e-106
10,SuperficieCosechadaSojaCordoba,20,VariacionSojaDiaAnterior,-0.4060833209210958,1.4431320308547277e-156
10,SuperficieCosechadaSojaCordoba,21,VariacionSojaTresDia,-0.014215086917283166,0.37201030729072837
10,SuperficieCosechadaSojaCordoba,22,VariacionSojaSieteDias,-0.023530528096498193,0.13944576967960595
10,SuperficieCosechadaSojaCordoba,23,LluviaAcumuladaSieteDiasSantaFe,-0.03440553891077983,0.030678771660768767
10,SuperficieCosechadaSojaCordoba,24,LluviaDiariaAcumuladaSieteDiasBuenosAires,0.015638132389331594,0.3260543129887383
10,SuperficieCosechadaSojaCordoba,25,LluviaDiariaAcumuladaSieteDiasCordoba,0.020379028136957845,0.2005870931955472
10,SuperficieCosechadaSojaCordoba,26,LluviaDiariaAcumuladaSieteDiasSantaFe,nan,1.0
10,SuperficieCosechadaSojaCordoba,27,LluviaDiariaAcumuladaSieteDiasBuenosAires.1,0.015638132389331594,0.3260543129887383
10,SuperficieCosechadaSojaCordoba,28,LluviaDiariaAcumuladaSieteDiasCordoba.1,0.020379028136957845,0.2005870931955472
10,SuperficieCosechadaSojaCordoba,29,LluviaDiariaAcumuladaTreintaDiasSantaFe,nan,1.0
10,SuperficieCosechadaSojaCordoba,30,LluviaDiariaAcumuladaTreintaDiasBuenosAires,0.012663101678415365,0.4264736805765773
10,SuperficieCosechadaSojaCordoba,31,LluviaDiariaAcumuladaTreintaDiasCordoba,0.04787401019301913,0.002629013111398112
10,SuperficieCosechadaSojaCordoba,32,LluviaDiariaAcumuladaCuarentaCincoDiasSantaFe,nan,1.0
10,SuperficieCosechadaSojaCordoba,33,LluviaDiariaAcumuladaCuarentaCincoDiasBuenosAires,0.012964716012209358,0.4155399580379102
10,SuperficieCosechadaSojaCordoba,34,LluviaDiariaAcumuladaCuarentaCincoDiasCordoba,0.039291803348898834,0.0135729169240142
10,SuperficieCosechadaSojaCordoba,35,LluviaDiariaAcumuladaSesentaDiasSantaFe,nan,1.0
10,SuperficieCosechadaSojaCordoba,36,LluviaDiariaAcumuladaSesentaDiasBuenosAires,0.010626317025154748,0.5045659753776025
10,SuperficieCosechadaSojaCordoba,37,LluviaDiariaAcumuladaSesentaDiasCordoba,0.038240130132789124,0.016294333569134258
10,SuperficieCosechadaSojaCordoba,38,PrecioPromedioTreintaDiasSoja,nan,1.0
10,SuperficieCosechadaSojaCordoba,39,PrecioPromedioSesentaDiasSoja,0.5065526614611473,2.850712674337878e-256
10,SuperficieCosechadaSojaCordoba,40,PrecioPromedioNoventaDiasSoja,0.6013992222295633,0.0
10,SuperficieCosechadaSojaCordoba,41,PrecioRealDiaSiguiente,0.6563859474898945,0.0
11,ProduccionSojaSantaFe,13,ProduccionSojaCordoba,0.488562851896029,7.077853501167655e-236
11,ProduccionSojaSantaFe,14,RendimientoSojaSantaFe,0.14712800044342747,1.5452646910197946e-20
11,ProduccionSojaSantaFe,15,RendimientoSojaBuenosAires,-0.4312815406611034,1.6446202808838246e-178
11,ProduccionSojaSantaFe,16,RendimientoSojaCordoba,-0.15283586193311163,4.7068868342744935e-22
11,ProduccionSojaSantaFe,17,PromedioIncendiosMensualesSantaFe,-0.1554057339583052,9.347997243690795e-23
11,ProduccionSojaSantaFe,18,PromedioIncendiosMensualesBuenosAires,-0.10498710406392238,3.812611964509392e-11
11,ProduccionSojaSantaFe,19,PromedioIncendioMensualesCordoba,-0.28849112842139696,1.670255736591019e-76
11,ProduccionSojaSantaFe,20,VariacionSojaDiaAnterior,-0.35352589590011796,1.6355519288795772e-116
11,ProduccionSojaSantaFe,21,VariacionSojaTresDia,-0.004121399704552327,0.7957788752536264
11,ProduccionSojaSantaFe,22,VariacionSojaSieteDias,-0.00491105856748362,0.7577756657554598
11,ProduccionSojaSantaFe,23,LluviaAcumuladaSieteDiasSantaFe,-0.007556566076406561,0.6351158291449077
11,ProduccionSojaSantaFe,24,LluviaDiariaAcumuladaSieteDiasBuenosAires,0.020010523645008275,0.20885049985739096
11,ProduccionSojaSantaFe,25,LluviaDiariaAcumuladaSieteDiasCordoba,0.0038721819245044974,0.8078787759152417
11,ProduccionSojaSantaFe,26,LluviaDiariaAcumuladaSieteDiasSantaFe,nan,1.0
11,ProduccionSojaSantaFe,27,LluviaDiariaAcumuladaSieteDiasBuenosAires.1,0.020010523645008275,0.20885049985739096
11,ProduccionSojaSantaFe,28,LluviaDiariaAcumuladaSieteDiasCordoba.1,0.0038721819245044974,0.8078787759152417
11,ProduccionSojaSantaFe,29,LluviaDiariaAcumuladaTreintaDiasSantaFe,nan,1.0
11,ProduccionSojaSantaFe,30,LluviaDiariaAcumuladaTreintaDiasBuenosAires,0.0687720560284371,1.5335139023519447e-05
11,ProduccionSojaSantaFe,31,LluviaDiariaAcumuladaTreintaDiasCordoba,0.051297432777876885,0.0012665102328681926
11,ProduccionSojaSantaFe,32,LluviaDiariaAcumuladaCuarentaCincoDiasSantaFe,nan,1.0
11,ProduccionSojaSantaFe,33,LluviaDiariaAcumuladaCuarentaCincoDiasBuenosAires,0.09370995433774738,3.685746729228957e-09
11,ProduccionSojaSantaFe,34,LluviaDiariaAcumuladaCuarentaCincoDiasCordoba,0.06436392939036018,5.2083297933352776e-05
11,ProduccionSojaSantaFe,35,LluviaDiariaAcumuladaSesentaDiasSantaFe,nan,1.0
11,ProduccionSojaSantaFe,36,LluviaDiariaAcumuladaSesentaDiasBuenosAires,0.1089334832443879,6.83066237471989e-12
11,ProduccionSojaSantaFe,37,LluviaDiariaAcumuladaSesentaDiasCordoba,0.07817314002479041,8.806627269161119e-07
11,ProduccionSojaSantaFe,38,PrecioPromedioTreintaDiasSoja,nan,1.0
11,ProduccionSojaSantaFe,39,PrecioPromedioSesentaDiasSoja,0.25417689432789337,3.1523738806442634e-59
11,ProduccionSojaSantaFe,40,PrecioPromedioNoventaDiasSoja,0.2812605630587852,1.1846254229717515e-72
11,ProduccionSojaSantaFe,41,PrecioRealDiaSiguiente,0.28577229754087013,4.832644088152361e-75
12,ProduccionSojaBuenosAires,14,RendimientoSojaSantaFe,-0.21467721049539348,2.3005029513385476e-42
12,ProduccionSojaBuenosAires,15,RendimientoSojaBuenosAires,-0.10862736147361989,7.822736790695805e-12
12,ProduccionSojaBuenosAires,16,RendimientoSojaCordoba,-0.23153096791928185,3.554849719053921e-49
12,ProduccionSojaBuenosAires,17,PromedioIncendiosMensualesSantaFe,-0.19067314619328554,1.2709887113420446e-33
12,ProduccionSojaBuenosAires,18,PromedioIncendiosMensualesBuenosAires,0.3138005334444441,6.706158562813245e-91
12,ProduccionSojaBuenosAires,19,PromedioIncendioMensualesCordoba,-0.43947109406831225,4.699504506757658e-186
12,ProduccionSojaBuenosAires,20,VariacionSojaDiaAnterior,-0.36890657595634185,1.7789841568050744e-127
12,ProduccionSojaBuenosAires,21,VariacionSojaTresDia,-0.004618314780279117,0.7718015385458431
12,ProduccionSojaBuenosAires,22,VariacionSojaSieteDias,-0.006194188812019477,0.697289445450235
12,ProduccionSojaBuenosAires,23,LluviaAcumuladaSieteDiasSantaFe,-0.008582858457915935,0.5898936127661699
12,ProduccionSojaBuenosAires,24,LluviaDiariaAcumuladaSieteDiasBuenosAires,0.03024936901056901,0.0574313796106607
12,ProduccionSojaBuenosAires,25,LluviaDiariaAcumuladaSieteDiasCordoba,0.016711724432049154,0.29393685672887965
12,ProduccionSojaBuenosAires,26,LluviaDiariaAcumuladaSieteDiasSantaFe,nan,1.0
12,ProduccionSojaBuenosAires,27,LluviaDiariaAcumuladaSieteDiasBuenosAires.1,0.03024936901056901,0.0574313796106607
12,ProduccionSojaBuenosAires,28,LluviaDiariaAcumuladaSieteDiasCordoba.1,0.016711724432049154,0.29393685672887965
12,ProduccionSojaBuenosAires,29,LluviaDiariaAcumuladaTreintaDiasSantaFe,nan,1.0
12,ProduccionSojaBuenosAires,30,LluviaDiariaAcumuladaTreintaDiasBuenosAires,0.05997572192316304,0.00016343955526987652
12,ProduccionSojaBuenosAires,31,LluviaDiariaAcumuladaTreintaDiasCordoba,0.04315615047833631,0.006700932885437681
12,ProduccionSojaBuenosAires,32,LluviaDiariaAcumuladaCuarentaCincoDiasSantaFe,nan,1.0
12,ProduccionSojaBuenosAires,33,LluviaDiariaAcumuladaCuarentaCincoDiasBuenosAires,0.07458681541265065,2.726924612391351e-06
12,ProduccionSojaBuenosAires,34,LluviaDiariaAcumuladaCuarentaCincoDiasCordoba,0.04486768204582097,0.0048175231954816905
12,ProduccionSojaBuenosAires,35,LluviaDiariaAcumuladaSesentaDiasSantaFe,nan,1.0
12,ProduccionSojaBuenosAires,36,LluviaDiariaAcumuladaSesentaDiasBuenosAires,0.08671298555984887,4.880254315429656e-08
12,ProduccionSojaBuenosAires,37,LluviaDiariaAcumuladaSesentaDiasCordoba,0.054309009123870204,0.0006425722175239561
12,ProduccionSojaBuenosAires,38,PrecioPromedioTreintaDiasSoja,nan,1.0
12,ProduccionSojaBuenosAires,39,PrecioPromedioSesentaDiasSoja,0.37771070094010056,4.996257245555657e-134
12,ProduccionSojaBuenosAires,40,PrecioPromedioNoventaDiasSoja,0.4741384138076549,2.206019237197121e-220
12,ProduccionSojaBuenosAires,41,PrecioRealDiaSiguiente,0.5423242769170332,1.1803839425479312e-300
13,ProduccionSojaCordoba,15,RendimientoSojaBuenosAires,0.3414905198058127,2.381358809719694e-108
13,ProduccionSojaCordoba,16,RendimientoSojaCordoba,0.09057469954999639,1.201143733419662e-08
13,ProduccionSojaCordoba,17,PromedioIncendiosMensualesSantaFe,0.03589252717105815,0.024153421815960054
13,ProduccionSojaCordoba,18,PromedioIncendiosMensualesBuenosAires,-0.018019131163103424,0.2577839102361323
13,ProduccionSojaCordoba,19,PromedioIncendioMensualesCordoba,0.3854770722223256,5.601926448274386e-140
13,ProduccionSojaCordoba,20,VariacionSojaDiaAnterior,0.24440561513300738,9.214380773315907e-55
13,ProduccionSojaCordoba,21,VariacionSojaTresDia,0.007036000494710976,0.6585997410198713
13,ProduccionSojaCordoba,22,VariacionSojaSieteDias,0.011510991713537103,0.4697517263006685
13,ProduccionSojaCordoba,23,LluviaAcumuladaSieteDiasSantaFe,0.016125244453116392,0.3112094309228111
13,ProduccionSojaCordoba,24,LluviaDiariaAcumuladaSieteDiasBuenosAires,-0.03816013119392908,0.016519729084043252
13,ProduccionSojaCordoba,25,LluviaDiariaAcumuladaSieteDiasCordoba,-0.0456196842760309,0.004153202627876504
13,ProduccionSojaCordoba,26,LluviaDiariaAcumuladaSieteDiasSantaFe,nan,1.0
13,ProduccionSojaCordoba,27,LluviaDiariaAcumuladaSieteDiasBuenosAires.1,-0.03816013119392908,0.016519729084043252
13,ProduccionSojaCordoba,28,LluviaDiariaAcumuladaSieteDiasCordoba.1,-0.0456196842760309,0.004153202627876504
13,ProduccionSojaCordoba,29,LluviaDiariaAcumuladaTreintaDiasSantaFe,nan,1.0
13,ProduccionSojaCordoba,30,LluviaDiariaAcumuladaTreintaDiasBuenosAires,-0.045000766458980705,0.00469337375843905
13,ProduccionSojaCordoba,31,LluviaDiariaAcumuladaTreintaDiasCordoba,-0.05544083859044708,0.000493583922712925
13,ProduccionSojaCordoba,32,LluviaDiariaAcumuladaCuarentaCincoDiasSantaFe,nan,1.0
13,ProduccionSojaCordoba,33,LluviaDiariaAcumuladaCuarentaCincoDiasBuenosAires,-0.048535667609263776,0.0022906557300578544
13,ProduccionSojaCordoba,34,LluviaDiariaAcumuladaCuarentaCincoDiasCordoba,-0.0491756740710211,0.0020017761780852053
13,ProduccionSojaCordoba,35,LluviaDiariaAcumuladaSesentaDiasSantaFe,nan,1.0
13,ProduccionSojaCordoba,36,LluviaDiariaAcumuladaSesentaDiasBuenosAires,-0.051509221367815564,0.0012088303237813285
13,ProduccionSojaCordoba,37,LluviaDiariaAcumuladaSesentaDiasCordoba,-0.06009490290971632,0.00015859426424549774
13,ProduccionSojaCordoba,38,PrecioPromedioTreintaDiasSoja,nan,1.0
13,ProduccionSojaCordoba,39,PrecioPromedioSesentaDiasSoja,-0.13079937073501574,1.5931414854999081e-16
13,ProduccionSojaCordoba,40,PrecioPromedioNoventaDiasSoja,-0.07313386982223534,4.2499670766271495e-06
13,ProduccionSojaCordoba,41,PrecioRealDiaSiguiente,-0.02838194340699489,0.07464031226987376
14,RendimientoSojaSantaFe,16,RendimientoSojaCordoba,0.5888822758951048,0.0
14,RendimientoSojaSantaFe,17,PromedioIncendiosMensualesSantaFe,0.6001596431933647,0.0
14,RendimientoSojaSantaFe,18,PromedioIncendiosMensualesBuenosAires,0.0952009728349021,2.0730599941924756e-09
14,RendimientoSojaSantaFe,19,PromedioIncendioMensualesCordoba,0.202965997908492,5.833815556795183e-38
14,RendimientoSojaSantaFe,20,VariacionSojaDiaAnterior,-0.15196860983991234,8.07100369460961e-22
14,RendimientoSojaSantaFe,21,VariacionSojaTresDia,0.00752825633233411,0.636383830498507
14,RendimientoSojaSantaFe,22,VariacionSojaSieteDias,0.011206631037704537,0.48157714505823324
14,RendimientoSojaSantaFe,23,LluviaAcumuladaSieteDiasSantaFe,0.01950184707876468,0.22065824426376762
14,RendimientoSojaSantaFe,24,LluviaDiariaAcumuladaSieteDiasBuenosAires,-0.03358089724199948,0.03491142064186885
14,RendimientoSojaSantaFe,25,LluviaDiariaAcumuladaSieteDiasCordoba,-0.03025146758638887,0.05741407599050621
14,RendimientoSojaSantaFe,26,LluviaDiariaAcumuladaSieteDiasSantaFe,nan,1.0
14,RendimientoSojaSantaFe,27,LluviaDiariaAcumuladaSieteDiasBuenosAires.1,-0.03358089724199948,0.03491142064186885
14,RendimientoSojaSantaFe,28,LluviaDiariaAcumuladaSieteDiasCordoba.1,-0.03025146758638887,0.05741407599050621
14,RendimientoSojaSantaFe,29,LluviaDiariaAcumuladaTreintaDiasSantaFe,nan,1.0
14,RendimientoSojaSantaFe,30,LluviaDiariaAcumuladaTreintaDiasBuenosAires,-0.0727285198387002,4.8030579239409915e-06
14,RendimientoSojaSantaFe,31,LluviaDiariaAcumuladaTreintaDiasCordoba,-0.0582829480872838,0.0002491565322257785
14,RendimientoSojaSantaFe,32,LluviaDiariaAcumuladaCuarentaCincoDiasSantaFe,nan,1.0
14,RendimientoSojaSantaFe,33,LluviaDiariaAcumuladaCuarentaCincoDiasBuenosAires,-0.09350633863863159,3.984353355845801e-09
14,RendimientoSojaSantaFe,34,LluviaDiariaAcumuladaCuarentaCincoDiasCordoba,-0.06627330732824396,3.094948843974685e-05
14,RendimientoSojaSantaFe,35,LluviaDiariaAcumuladaSesentaDiasSantaFe,nan,1.0
14,RendimientoSojaSantaFe,36,LluviaDiariaAcumuladaSesentaDiasBuenosAires,-0.10656223678031053,1.9338066048265743e-11
14,RendimientoSojaSantaFe,37,LluviaDiariaAcumuladaSesentaDiasCordoba,-0.07892801681147983,6.898078555744625e-07
14,RendimientoSojaSantaFe,38,PrecioPromedioTreintaDiasSoja,nan,1.0
14,RendimientoSojaSantaFe,39,PrecioPromedioSesentaDiasSoja,0.026932151721996388,0.09072741030940375
14,RendimientoSojaSantaFe,40,PrecioPromedioNoventaDiasSoja,0.05915875320660106,0.0002005948086067167
14,RendimientoSojaSantaFe,41,PrecioRealDiaSiguiente,0.09702010066867725,1.0151434889806144e-09
15,RendimientoSojaBuenosAires,17,PromedioIncendiosMensualesSantaFe,0.9139434525284581,0.0
15,RendimientoSojaBuenosAires,18,PromedioIncendiosMensualesBuenosAires,-0.05340412595242756,0.0007907014880669987
15,RendimientoSojaBuenosAires,19,PromedioIncendioMensualesCordoba,-0.1444766957521086,7.46858383738838e-20
15,RendimientoSojaBuenosAires,20,VariacionSojaDiaAnterior,-0.1253998450823529,2.6579982479023038e-15
15,RendimientoSojaBuenosAires,21,VariacionSojaTresDia,0.007584960803405329,0.6338450951062815
15,RendimientoSojaBuenosAires,22,VariacionSojaSieteDias,0.013138205337914766,0.4093265483103341
15,RendimientoSojaBuenosAires,23,LluviaAcumuladaSieteDiasSantaFe,0.023530536623960197,0.1394456262571265
15,RendimientoSojaBuenosAires,24,LluviaDiariaAcumuladaSieteDiasBuenosAires,-0.010180440226823686,0.5226143538554353
15,RendimientoSojaBuenosAires,25,LluviaDiariaAcumuladaSieteDiasCordoba,0.005585704766366407,0.7257609984906517
15,RendimientoSojaBuenosAires,26,LluviaDiariaAcumuladaSieteDiasSantaFe,nan,1.0
15,RendimientoSojaBuenosAires,27,LluviaDiariaAcumuladaSieteDiasBuenosAires.1,-0.010180440226823686,0.5226143538554353
15,RendimientoSojaBuenosAires,28,LluviaDiariaAcumuladaSieteDiasCordoba.1,0.005585704766366407,0.7257609984906517
15,RendimientoSojaBuenosAires,29,LluviaDiariaAcumuladaTreintaDiasSantaFe,nan,1.0
15,RendimientoSojaBuenosAires,30,LluviaDiariaAcumuladaTreintaDiasBuenosAires,-0.05074870112911085,0.0014279755163547187
15,RendimientoSojaBuenosAires,31,LluviaDiariaAcumuladaTreintaDiasCordoba,0.0009504471556364015,0.952406102811143
15,RendimientoSojaBuenosAires,32,LluviaDiariaAcumuladaCuarentaCincoDiasSantaFe,nan,1.0
15,RendimientoSojaBuenosAires,33,LluviaDiariaAcumuladaCuarentaCincoDiasBuenosAires,-0.06470801705805948,4.746892911506851e-05
15,RendimientoSojaBuenosAires,34,LluviaDiariaAcumuladaCuarentaCincoDiasCordoba,0.0008388479980446734,0.9579889518312199
15,RendimientoSojaBuenosAires,35,LluviaDiariaAcumuladaSesentaDiasSantaFe,nan,1.0
15,RendimientoSojaBuenosAires,36,LluviaDiariaAcumuladaSesentaDiasBuenosAires,-0.0793139806640447,6.082997852350857e-07
15,RendimientoSojaBuenosAires,37,LluviaDiariaAcumuladaSesentaDiasCordoba,-0.0025879127555048023,0.8709009562599248
15,RendimientoSojaBuenosAires,38,PrecioPromedioTreintaDiasSoja,nan,1.0
15,RendimientoSojaBuenosAires,39,PrecioPromedioSesentaDiasSoja,0.1345212053971849,2.1356939859133277e-17
15,RendimientoSojaBuenosAires,40,PrecioPromedioNoventaDiasSoja,0.15048959878419915,2.0098643709827286e-21
15,RendimientoSojaBuenosAires,41,PrecioRealDiaSiguiente,0.14703590876419034,1.6329860175261248e-20
16,RendimientoSojaCordoba,18,PromedioIncendiosMensualesBuenosAires,-0.017312396984130556,0.27692494929605205
16,RendimientoSojaCordoba,19,PromedioIncendioMensualesCordoba,-0.1313541686783243,1.1850273620448492e-16
16,RendimientoSojaCordoba,20,VariacionSojaDiaAnterior,-0.0655414059851608,3.78456008633642e-05
16,RendimientoSojaCordoba,21,VariacionSojaTresDia,0.00018409714275050245,0.9907760197671577
16,RendimientoSojaCordoba,22,VariacionSojaSieteDias,0.0007065153046258654,0.9646116632466536
16,RendimientoSojaCordoba,23,LluviaAcumuladaSieteDiasSantaFe,0.0059074199119129,0.7106574804809
16,RendimientoSojaCordoba,24,LluviaDiariaAcumuladaSieteDiasBuenosAires,-0.00646786975044428,0.6846184586306265
16,RendimientoSojaCordoba,25,LluviaDiariaAcumuladaSieteDiasCordoba,0.0035318543498766408,0.8244761306965849
16,RendimientoSojaCordoba,26,LluviaDiariaAcumuladaSieteDiasSantaFe,nan,1.0
16,RendimientoSojaCordoba,27,LluviaDiariaAcumuladaSieteDiasBuenosAires.1,-0.00646786975044428,0.6846184586306265
16,RendimientoSojaCordoba,28,LluviaDiariaAcumuladaSieteDiasCordoba.1,0.0035318543498766408,0.8244761306965849
16,RendimientoSojaCordoba,29,LluviaDiariaAcumuladaTreintaDiasSantaFe,nan,1.0
16,RendimientoSojaCordoba,30,LluviaDiariaAcumuladaTreintaDiasBuenosAires,-0.04835741749816134,0.002377650167870488
16,RendimientoSojaCordoba,31,LluviaDiariaAcumuladaTreintaDiasCordoba,-0.0038290341998531816,0.809978424820611
16,RendimientoSojaCordoba,32,LluviaDiariaAcumuladaCuarentaCincoDiasSantaFe,nan,1.0
16,RendimientoSojaCordoba,33,LluviaDiariaAcumuladaCuarentaCincoDiasBuenosAires,-0.06617001432148065,3.184466762486845e-05
16,RendimientoSojaCordoba,34,LluviaDiariaAcumuladaCuarentaCincoDiasCordoba,-0.01253907318567744,0.4310180132379656
16,RendimientoSojaCordoba,35,LluviaDiariaAcumuladaSesentaDiasSantaFe,nan,1.0
16,RendimientoSojaCordoba,36,LluviaDiariaAcumuladaSesentaDiasBuenosAires,-0.08581503926665711,6.704567922713475e-08
16,RendimientoSojaCordoba,37,LluviaDiariaAcumuladaSesentaDiasCordoba,-0.022707822015867307,0.1538182270360793
16,RendimientoSojaCordoba,38,PrecioPromedioTreintaDiasSoja,nan,1.0
16,RendimientoSojaCordoba,39,PrecioPromedioSesentaDiasSoja,0.1941455338177889,8.091221131255495e-35
16,RendimientoSojaCordoba,40,PrecioPromedioNoventaDiasSoja,0.21068164121880242,7.841531075469167e-41
16,RendimientoSojaCordoba,41,PrecioRealDiaSiguiente,0.2017935115565081,1.5568116091525928e-37
17,PromedioIncendiosMensualesSantaFe,19,PromedioIncendioMensualesCordoba,-0.10188980538575584,1.4072612568193188e-10
17,PromedioIncendiosMensualesSantaFe,20,VariacionSojaDiaAnterior,-0.0893216562502801,1.905212965339082e-08
17,PromedioIncendiosMensualesSantaFe,21,VariacionSojaTresDia,-0.001328733533622391,0.9335009635270359
17,PromedioIncendiosMensualesSantaFe,22,VariacionSojaSieteDias,-0.002064070845613475,0.8968685031199218
17,PromedioIncendiosMensualesSantaFe,23,LluviaAcumuladaSieteDiasSantaFe,-0.002276847623230671,0.8863059346836792
17,PromedioIncendiosMensualesSantaFe,24,LluviaDiariaAcumuladaSieteDiasBuenosAires,-0.03500116100940757,0.02790269021665251
17,PromedioIncendiosMensualesSantaFe,25,LluviaDiariaAcumuladaSieteDiasCordoba,0.00039395015289990797,0.9802631437253982
17,PromedioIncendiosMensualesSantaFe,26,LluviaDiariaAcumuladaSieteDiasSantaFe,nan,1.0
17,PromedioIncendiosMensualesSantaFe,27,LluviaDiariaAcumuladaSieteDiasBuenosAires.1,-0.03500116100940757,0.02790269021665251
17,PromedioIncendiosMensualesSantaFe,28,LluviaDiariaAcumuladaSieteDiasCordoba.1,0.00039395015289990797,0.9802631437253982
17,PromedioIncendiosMensualesSantaFe,29,LluviaDiariaAcumuladaTreintaDiasSantaFe,nan,1.0
17,PromedioIncendiosMensualesSantaFe,30,LluviaDiariaAcumuladaTreintaDiasBuenosAires,-0.07698830189850302,1.2863960832319254e-06
17,PromedioIncendiosMensualesSantaFe,31,LluviaDiariaAcumuladaTreintaDiasCordoba,-0.015809233212473527,0.32078837466442245
17,PromedioIncendiosMensualesSantaFe,32,LluviaDiariaAcumuladaCuarentaCincoDiasSantaFe,nan,1.0
17,PromedioIncendiosMensualesSantaFe,33,LluviaDiariaAcumuladaCuarentaCincoDiasBuenosAires,-0.09042774260692901,1.2683257645184383e-08
17,PromedioIncendiosMensualesSantaFe,34,LluviaDiariaAcumuladaCuarentaCincoDiasCordoba,-0.026763079260446073,0.09277262598683884
17,PromedioIncendiosMensualesSantaFe,35,LluviaDiariaAcumuladaSesentaDiasSantaFe,nan,1.0
17,PromedioIncendiosMensualesSantaFe,36,LluviaDiariaAcumuladaSesentaDiasBuenosAires,-0.09352538432401226,3.955453396663566e-09
17,PromedioIncendiosMensualesSantaFe,37,LluviaDiariaAcumuladaSesentaDiasCordoba,-0.027069617284524495,0.08909138879059805
17,PromedioIncendiosMensualesSantaFe,38,PrecioPromedioTreintaDiasSoja,nan,1.0
17,PromedioIncendiosMensualesSantaFe,39,PrecioPromedioSesentaDiasSoja,-0.04692850760103406,0.0031920884459096907
17,PromedioIncendiosMensualesSantaFe,40,PrecioPromedioNoventaDiasSoja,0.08606570551874416,6.137698010555194e-08
17,PromedioIncendiosMensualesSantaFe,41,PrecioRealDiaSiguiente,0.17513973237288116,1.4989305824597756e-28
18,PromedioIncendiosMensualesBuenosAires,20,VariacionSojaDiaAnterior,0.3669651369437961,4.6512213735517026e-126
18,PromedioIncendiosMensualesBuenosAires,21,VariacionSojaTresDia,0.0011281652169245024,0.9435205244712657
18,PromedioIncendiosMensualesBuenosAires,22,VariacionSojaSieteDias,-0.0012209713017664215,0.9388831102800831
18,PromedioIncendiosMensualesBuenosAires,23,LluviaAcumuladaSieteDiasSantaFe,-0.005761954912762872,0.7174729625459789
18,PromedioIncendiosMensualesBuenosAires,24,LluviaDiariaAcumuladaSieteDiasBuenosAires,-0.02766874185809704,0.08223640469596957
18,PromedioIncendiosMensualesBuenosAires,25,LluviaDiariaAcumuladaSieteDiasCordoba,-0.051044317894776585,0.0013387732349994983
18,PromedioIncendiosMensualesBuenosAires,26,LluviaDiariaAcumuladaSieteDiasSantaFe,nan,1.0
18,PromedioIncendiosMensualesBuenosAires,27,LluviaDiariaAcumuladaSieteDiasBuenosAires.1,-0.02766874185809704,0.08223640469596957
18,PromedioIncendiosMensualesBuenosAires,28,LluviaDiariaAcumuladaSieteDiasCordoba.1,-0.051044317894776585,0.0013387732349994983
18,PromedioIncendiosMensualesBuenosAires,29,LluviaDiariaAcumuladaTreintaDiasSantaFe,nan,1.0
18,PromedioIncendiosMensualesBuenosAires,30,LluviaDiariaAcumuladaTreintaDiasBuenosAires,-0.027637123033182807,0.0825871651661234
18,PromedioIncendiosMensualesBuenosAires,31,LluviaDiariaAcumuladaTreintaDiasCordoba,-0.09413895903160506,3.1261518342998388e-09
18,PromedioIncendiosMensualesBuenosAires,32,LluviaDiariaAcumuladaCuarentaCincoDiasSantaFe,nan,1.0
18,PromedioIncendiosMensualesBuenosAires,33,LluviaDiariaAcumuladaCuarentaCincoDiasBuenosAires,-0.03066948076256861,0.05405276139617585
18,PromedioIncendiosMensualesBuenosAires,34,LluviaDiariaAcumuladaCuarentaCincoDiasCordoba,-0.10231503620631467,1.178946697752006e-10
18,PromedioIncendiosMensualesBuenosAires,35,LluviaDiariaAcumuladaSesentaDiasSantaFe,nan,1.0
18,PromedioIncendiosMensualesBuenosAires,36,LluviaDiariaAcumuladaSesentaDiasBuenosAires,-0.0325320506777811,0.04100637228292791
18,PromedioIncendiosMensualesBuenosAires,37,LluviaDiariaAcumuladaSesentaDiasCordoba,-0.1121667658876915,1.5937486361783683e-12
18,PromedioIncendiosMensualesBuenosAires,38,PrecioPromedioTreintaDiasSoja,nan,1.0
18,PromedioIncendiosMensualesBuenosAires,39,PrecioPromedioSesentaDiasSoja,-0.04368400842972333,0.006059436762175282
18,PromedioIncendiosMensualesBuenosAires,40,PrecioPromedioNoventaDiasSoja,-0.1287085473061559,4.805068367887622e-16
18,PromedioIncendiosMensualesBuenosAires,41,PrecioRealDiaSiguiente,-0.18834079181131222,7.846847868881093e-33
19,PromedioIncendioMensualesCordoba,21,VariacionSojaTresDia,0.012495560093644538,0.4326189361200158
19,PromedioIncendioMensualesCordoba,22,VariacionSojaSieteDias,0.023105291068663467,0.14673992068183403
19,PromedioIncendioMensualesCordoba,23,LluviaAcumuladaSieteDiasSantaFe,0.03569843585083095,0.02493037519389288
19,PromedioIncendioMensualesCordoba,24,LluviaDiariaAcumuladaSieteDiasBuenosAires,0.009588240067126094,0.5470880308436806
19,PromedioIncendioMensualesCordoba,25,LluviaDiariaAcumuladaSieteDiasCordoba,-0.008361504253171583,0.5995213139951636
19,PromedioIncendioMensualesCordoba,26,LluviaDiariaAcumuladaSieteDiasSantaFe,nan,1.0
19,PromedioIncendioMensualesCordoba,27,LluviaDiariaAcumuladaSieteDiasBuenosAires.1,0.009588240067126094,0.5470880308436806
19,PromedioIncendioMensualesCordoba,28,LluviaDiariaAcumuladaSieteDiasCordoba.1,-0.008361504253171583,0.5995213139951636
19,PromedioIncendioMensualesCordoba,29,LluviaDiariaAcumuladaTreintaDiasSantaFe,nan,1.0
19,PromedioIncendioMensualesCordoba,30,LluviaDiariaAcumuladaTreintaDiasBuenosAires,-0.0010796603979182562,0.9459450266100874
19,PromedioIncendioMensualesCordoba,31,LluviaDiariaAcumuladaTreintaDiasCordoba,-0.03385546846255768,0.033449891469012415
19,PromedioIncendioMensualesCordoba,32,LluviaDiariaAcumuladaCuarentaCincoDiasSantaFe,nan,1.0
19,PromedioIncendioMensualesCordoba,33,LluviaDiariaAcumuladaCuarentaCincoDiasBuenosAires,-0.008721933019531405,0.5838812913691515
19,PromedioIncendioMensualesCordoba,34,LluviaDiariaAcumuladaCuarentaCincoDiasCordoba,-0.03616767735540037,0.023087988244762492
19,PromedioIncendioMensualesCordoba,35,LluviaDiariaAcumuladaSesentaDiasSantaFe,nan,1.0
19,PromedioIncendioMensualesCordoba,36,LluviaDiariaAcumuladaSesentaDiasBuenosAires,-0.012434618883501312,0.43486684411133947
19,PromedioIncendioMensualesCordoba,37,LluviaDiariaAcumuladaSesentaDiasCordoba,-0.04516776658199456,0.00454168461309412
19,PromedioIncendioMensualesCordoba,38,PrecioPromedioTreintaDiasSoja,nan,1.0
19,PromedioIncendioMensualesCordoba,39,PrecioPromedioSesentaDiasSoja,-0.17135616960658645,2.2010405554414914e-27
19,PromedioIncendioMensualesCordoba,40,PrecioPromedioNoventaDiasSoja,-0.2328688894600662,9.680341748119045e-50
19,PromedioIncendioMensualesCordoba,41,PrecioRealDiaSiguiente,-0.27587423196506566,7.382979248782036e-70
20,VariacionSojaDiaAnterior,22,VariacionSojaSieteDias,0.7871979041440813,0.0
20,VariacionSojaDiaAnterior,23,LluviaAcumuladaSieteDiasSantaFe,0.573026056134761,0.0
20,VariacionSojaDiaAnterior,24,LluviaDiariaAcumuladaSieteDiasBuenosAires,0.010426438272442566,0.512615914818723
20,VariacionSojaDiaAnterior,25,LluviaDiariaAcumuladaSieteDiasCordoba,0.02093970060822928,0.1884760619763041
20,VariacionSojaDiaAnterior,26,LluviaDiariaAcumuladaSieteDiasSantaFe,nan,1.0
20,VariacionSojaDiaAnterior,27,LluviaDiariaAcumuladaSieteDiasBuenosAires.1,0.010426438272442566,0.512615914818723
20,VariacionSojaDiaAnterior,28,LluviaDiariaAcumuladaSieteDiasCordoba.1,0.02093970060822928,0.1884760619763041
20,VariacionSojaDiaAnterior,29,LluviaDiariaAcumuladaTreintaDiasSantaFe,nan,1.0
20,VariacionSojaDiaAnterior,30,LluviaDiariaAcumuladaTreintaDiasBuenosAires,-0.02198104647614877,0.16742751845753123
20,VariacionSojaDiaAnterior,31,LluviaDiariaAcumuladaTreintaDiasCordoba,-0.014195110532737636,0.37268274761879194
20,VariacionSojaDiaAnterior,32,LluviaDiariaAcumuladaCuarentaCincoDiasSantaFe,nan,1.0
20,VariacionSojaDiaAnterior,33,LluviaDiariaAcumuladaCuarentaCincoDiasBuenosAires,-0.03170427994716229,0.046432145326177836
20,VariacionSojaDiaAnterior,34,LluviaDiariaAcumuladaCuarentaCincoDiasCordoba,-0.026221284624467725,0.09957678327966496
20,VariacionSojaDiaAnterior,35,LluviaDiariaAcumuladaSesentaDiasSantaFe,nan,1.0
20,VariacionSojaDiaAnterior,36,LluviaDiariaAcumuladaSesentaDiasBuenosAires,-0.02916171191555801,0.06700118333817318
20,VariacionSojaDiaAnterior,37,LluviaDiariaAcumuladaSesentaDiasCordoba,-0.028384495424400025,0.07461419718302342
20,VariacionSojaDiaAnterior,38,PrecioPromedioTreintaDiasSoja,nan,1.0
20,VariacionSojaDiaAnterior,39,PrecioPromedioSesentaDiasSoja,-0.012509740211545635,0.4320968471533665
20,VariacionSojaDiaAnterior,40,PrecioPromedioNoventaDiasSoja,-0.024504117602359664,0.123798600764577
20,VariacionSojaDiaAnterior,41,PrecioRealDiaSiguiente,-0.02829903955132346,0.07549274470630787
21,VariacionSojaTresDia,23,LluviaAcumuladaSieteDiasSantaFe,0.848906082081409,0.0
21,VariacionSojaTresDia,24,LluviaDiariaAcumuladaSieteDiasBuenosAires,0.015306781159079103,0.33641103143596374
21,VariacionSojaTresDia,25,LluviaDiariaAcumuladaSieteDiasCordoba,0.02001550326311939,0.20873721682752952
21,VariacionSojaTresDia,26,LluviaDiariaAcumuladaSieteDiasSantaFe,nan,1.0
21,VariacionSojaTresDia,27,LluviaDiariaAcumuladaSieteDiasBuenosAires.1,0.015306781159079103,0.33641103143596374
21,VariacionSojaTresDia,28,LluviaDiariaAcumuladaSieteDiasCordoba.1,0.02001550326311939,0.20873721682752952
21,VariacionSojaTresDia,29,LluviaDiariaAcumuladaTreintaDiasSantaFe,nan,1.0
21,VariacionSojaTresDia,30,LluviaDiariaAcumuladaTreintaDiasBuenosAires,-0.036891892934337665,0.020476517021246237
21,VariacionSojaTresDia,31,LluviaDiariaAcumuladaTreintaDiasCordoba,-0.027356696761325933,0.08575137812445131
21,VariacionSojaTresDia,32,LluviaDiariaAcumuladaCuarentaCincoDiasSantaFe,nan,1.0
21,VariacionSojaTresDia,33,LluviaDiariaAcumuladaCuarentaCincoDiasBuenosAires,-0.05042049213392606,0.0015334080865291573
21,VariacionSojaTresDia,34,LluviaDiariaAcumuladaCuarentaCincoDiasCordoba,-0.04800624769229538,0.0025579429537189234
21,VariacionSojaTresDia,35,LluviaDiariaAcumuladaSesentaDiasSantaFe,nan,1.0
21,VariacionSojaTresDia,36,LluviaDiariaAcumuladaSesentaDiasBuenosAires,-0.04521711652039718,0.004497716774645917
21,VariacionSojaTresDia,37,LluviaDiariaAcumuladaSesentaDiasCordoba,-0.048206441821913415,0.002453687171252381
21,VariacionSojaTresDia,38,PrecioPromedioTreintaDiasSoja,nan,1.0
21,VariacionSojaTresDia,39,PrecioPromedioSesentaDiasSoja,-0.020875684233029605,0.18983096513532735
21,VariacionSojaTresDia,40,PrecioPromedioNoventaDiasSoja,-0.04506823011744411,0.004631551784435062
21,VariacionSojaTresDia,41,PrecioRealDiaSiguiente,-0.05084114206172276,0.0013995096105025775
22,VariacionSojaSieteDias,24,LluviaDiariaAcumuladaSieteDiasBuenosAires,-0.00010979723971424496,0.9944986538932387
22,VariacionSojaSieteDias,25,LluviaDiariaAcumuladaSieteDiasCordoba,2.208555382842906e-05,0.9988934039842793
22,VariacionSojaSieteDias,26,LluviaDiariaAcumuladaSieteDiasSantaFe,nan,1.0
22,VariacionSojaSieteDias,27,LluviaDiariaAcumuladaSieteDiasBuenosAires.1,-0.00010979723971424496,0.9944986538932387
22,VariacionSojaSieteDias,28,LluviaDiariaAcumuladaSieteDiasCordoba.1,2.208555382842906e-05,0.9988934039842793
22,VariacionSojaSieteDias,29,LluviaDiariaAcumuladaTreintaDiasSantaFe,nan,1.0
22,VariacionSojaSieteDias,30,LluviaDiariaAcumuladaTreintaDiasBuenosAires,-0.05985255573596447,0.000168592930698589
22,VariacionSojaSieteDias,31,LluviaDiariaAcumuladaTreintaDiasCordoba,-0.04589270922793565,0.003933361890190502
22,VariacionSojaSieteDias,32,LluviaDiariaAcumuladaCuarentaCincoDiasSantaFe,nan,1.0
22,VariacionSojaSieteDias,33,LluviaDiariaAcumuladaCuarentaCincoDiasBuenosAires,-0.07859862841137359,7.675996365339735e-07
22,VariacionSojaSieteDias,34,LluviaDiariaAcumuladaCuarentaCincoDiasCordoba,-0.07717542088464585,1.2121116196503353e-06
22,VariacionSojaSieteDias,35,LluviaDiariaAcumuladaSesentaDiasSantaFe,nan,1.0
22,VariacionSojaSieteDias,36,LluviaDiariaAcumuladaSesentaDiasBuenosAires,-0.07288030054816787,4.588334141375218e-06
22,VariacionSojaSieteDias,37,LluviaDiariaAcumuladaSesentaDiasCordoba,-0.0761708719347033,1.665447317034769e-06
22,VariacionSojaSieteDias,38,PrecioPromedioTreintaDiasSoja,nan,1.0
22,VariacionSojaSieteDias,39,PrecioPromedioSesentaDiasSoja,-0.034477251558637255,0.03033244454739349
22,VariacionSojaSieteDias,40,PrecioPromedioNoventaDiasSoja,-0.07728543338621169,1.170382084820761e-06
22,VariacionSojaSieteDias,41,PrecioRealDiaSiguiente,-0.08327550987946704,1.6181913002833216e-07
23,LluviaAcumuladaSieteDiasSantaFe,25,LluviaDiariaAcumuladaSieteDiasCordoba,0.5288053546561879,2.978360865445745e-283
23,LluviaAcumuladaSieteDiasSantaFe,26,LluviaDiariaAcumuladaSieteDiasSantaFe,nan,1.0
23,LluviaAcumuladaSieteDiasSantaFe,27,LluviaDiariaAcumuladaSieteDiasBuenosAires.1,1.0,0.0
23,LluviaAcumuladaSieteDiasSantaFe,28,LluviaDiariaAcumuladaSieteDiasCordoba.1,0.5288053546561879,2.978360865445745e-283
23,LluviaAcumuladaSieteDiasSantaFe,29,LluviaDiariaAcumuladaTreintaDiasSantaFe,nan,1.0
23,LluviaAcumuladaSieteDiasSantaFe,30,LluviaDiariaAcumuladaTreintaDiasBuenosAires,0.5745556194902441,0.0
23,LluviaAcumuladaSieteDiasSantaFe,31,LluviaDiariaAcumuladaTreintaDiasCordoba,0.4320950933810785,2.991663144660035e-179
23,LluviaAcumuladaSieteDiasSantaFe,32,LluviaDiariaAcumuladaCuarentaCincoDiasSantaFe,nan,1.0
23,LluviaAcumuladaSieteDiasSantaFe,33,LluviaDiariaAcumuladaCuarentaCincoDiasBuenosAires,0.5016458421239202,1.3787044150661734e-250
23,LluviaAcumuladaSieteDiasSantaFe,34,LluviaDiariaAcumuladaCuarentaCincoDiasCordoba,0.40730227415254705,1.3822866472891455e-157
23,LluviaAcumuladaSieteDiasSantaFe,35,LluviaDiariaAcumuladaSesentaDiasSantaFe,nan,1.0
23,LluviaAcumuladaSieteDiasSantaFe,36,LluviaDiariaAcumuladaSesentaDiasBuenosAires,0.4544894216524788,1.9368730424641115e-200
23,LluviaAcumuladaSieteDiasSantaFe,37,LluviaDiariaAcumuladaSesentaDiasCordoba,0.39257473755838423,1.4703695214981259e-145
23,LluviaAcumuladaSieteDiasSantaFe,38,PrecioPromedioTreintaDiasSoja,nan,1.0
23,LluviaAcumuladaSieteDiasSantaFe,39,PrecioPromedioSesentaDiasSoja,0.036401077252603484,0.022216441206191033
23,LluviaAcumuladaSieteDiasSantaFe,40,PrecioPromedioNoventaDiasSoja,0.049468112390226956,0.0018812456984770493
23,LluviaAcumuladaSieteDiasSantaFe,41,PrecioRealDiaSiguiente,0.05450658578414984,0.0006138666120114914
24,LluviaDiariaAcumuladaSieteDiasBuenosAires,26,LluviaDiariaAcumuladaSieteDiasSantaFe,nan,1.0
24,LluviaDiariaAcumuladaSieteDiasBuenosAires,27,LluviaDiariaAcumuladaSieteDiasBuenosAires.1,0.5288053546561879,2.978360865445745e-283
24,LluviaDiariaAcumuladaSieteDiasBuenosAires,28,LluviaDiariaAcumuladaSieteDiasCordoba.1,1.0,0.0
24,LluviaDiariaAcumuladaSieteDiasBuenosAires,29,LluviaDiariaAcumuladaTreintaDiasSantaFe,nan,1.0
24,LluviaDiariaAcumuladaSieteDiasBuenosAires,30,LluviaDiariaAcumuladaTreintaDiasBuenosAires,0.34967262538689786,7.351099903101874e-114
24,LluviaDiariaAcumuladaSieteDiasBuenosAires,31,LluviaDiariaAcumuladaTreintaDiasCordoba,0.5684866293225428,0.0
24,LluviaDiariaAcumuladaSieteDiasBuenosAires,32,LluviaDiariaAcumuladaCuarentaCincoDiasSantaFe,nan,1.0
24,LluviaDiariaAcumuladaSieteDiasBuenosAires,33,LluviaDiariaAcumuladaCuarentaCincoDiasBuenosAires,0.2989244939957577,2.903391106375767e-82
24,LluviaDiariaAcumuladaSieteDiasBuenosAires,34,LluviaDiariaAcumuladaCuarentaCincoDiasCordoba,0.485110760661377,4.225058662199442e-232
24,LluviaDiariaAcumuladaSieteDiasBuenosAires,35,LluviaDiariaAcumuladaSesentaDiasSantaFe,nan,1.0
24,LluviaDiariaAcumuladaSieteDiasBuenosAires,36,LluviaDiariaAcumuladaSesentaDiasBuenosAires,0.2902893485232388,1.7671755435130374e-77
24,LluviaDiariaAcumuladaSieteDiasBuenosAires,37,LluviaDiariaAcumuladaSesentaDiasCordoba,0.45017997850353336,3.0835280249558313e-196
24,LluviaDiariaAcumuladaSieteDiasBuenosAires,38,PrecioPromedioTreintaDiasSoja,nan,1.0
24,LluviaDiariaAcumuladaSieteDiasBuenosAires,39,PrecioPromedioSesentaDiasSoja,0.025855386256844796,0.10439294157255832
24,LluviaDiariaAcumuladaSieteDiasBuenosAires,40,PrecioPromedioNoventaDiasSoja,0.05204936802483011,0.001072526492582404
24,LluviaDiariaAcumuladaSieteDiasBuenosAires,41,PrecioRealDiaSiguiente,0.035498387572744455,0.025753722430257083
25,LluviaDiariaAcumuladaSieteDiasCordoba,27,LluviaDiariaAcumuladaSieteDiasBuenosAires.1,nan,1.0
25,LluviaDiariaAcumuladaSieteDiasCordoba,28,LluviaDiariaAcumuladaSieteDiasCordoba.1,nan,1.0
25,LluviaDiariaAcumuladaSieteDiasCordoba,29,LluviaDiariaAcumuladaTreintaDiasSantaFe,nan,1.0
25,LluviaDiariaAcumuladaSieteDiasCordoba,30,LluviaDiariaAcumuladaTreintaDiasBuenosAires,nan,1.0
25,LluviaDiariaAcumuladaSieteDiasCordoba,31,LluviaDiariaAcumuladaTreintaDiasCordoba,nan,1.0
25,LluviaDiariaAcumuladaSieteDiasCordoba,32,LluviaDiariaAcumuladaCuarentaCincoDiasSantaFe,nan,1.0
25,LluviaDiariaAcumuladaSieteDiasCordoba,33,LluviaDiariaAcumuladaCuarentaCincoDiasBuenosAires,nan,1.0
25,LluviaDiariaAcumuladaSieteDiasCordoba,34,LluviaDiariaAcumuladaCuarentaCincoDiasCordoba,nan,1.0
25,LluviaDiariaAcumuladaSieteDiasCordoba,35,LluviaDiariaAcumuladaSesentaDiasSantaFe,nan,1.0
25,LluviaDiariaAcumuladaSieteDiasCordoba,36,LluviaDiariaAcumuladaSesentaDiasBuenosAires,nan,1.0
25,LluviaDiariaAcumuladaSieteDiasCordoba,37,LluviaDiariaAcumuladaSesentaDiasCordoba,nan,1.0
25,LluviaDiariaAcumuladaSieteDiasCordoba,38,PrecioPromedioTreintaDiasSoja,nan,1.0
25,LluviaDiariaAcumuladaSieteDiasCordoba,39,PrecioPromedioSesentaDiasSoja,nan,1.0
25,LluviaDiariaAcumuladaSieteDiasCordoba,40,PrecioPromedioNoventaDiasSoja,nan,1.0
25,LluviaDiariaAcumuladaSieteDiasCordoba,41,PrecioRealDiaSiguiente,nan,1.0
26,LluviaDiariaAcumuladaSieteDiasSantaFe,28,LluviaDiariaAcumuladaSieteDiasCordoba.1,0.5288053546561879,2.978360865445745e-283
26,LluviaDiariaAcumuladaSieteDiasSantaFe,29,LluviaDiariaAcumuladaTreintaDiasSantaFe,nan,1.0
26,LluviaDiariaAcumuladaSieteDiasSantaFe,30,LluviaDiariaAcumuladaTreintaDiasBuenosAires,0.5745556194902441,0.0
26,LluviaDiariaAcumuladaSieteDiasSantaFe,31,LluviaDiariaAcumuladaTreintaDiasCordoba,0.4320950933810785,2.991663144660035e-179
26,LluviaDiariaAcumuladaSieteDiasSantaFe,32,LluviaDiariaAcumuladaCuarentaCincoDiasSantaFe,nan,1.0
26,LluviaDiariaAcumuladaSieteDiasSantaFe,33,LluviaDiariaAcumuladaCuarentaCincoDiasBuenosAires,0.5016458421239202,1.3787044150661734e-250
26,LluviaDiariaAcumuladaSieteDiasSantaFe,34,LluviaDiariaAcumuladaCuarentaCincoDiasCordoba,0.40730227415254705,1.3822866472891455e-157
26,LluviaDiariaAcumuladaSieteDiasSantaFe,35,LluviaDiariaAcumuladaSesentaDiasSantaFe,nan,1.0
26,LluviaDiariaAcumuladaSieteDiasSantaFe,36,LluviaDiariaAcumuladaSesentaDiasBuenosAires,0.4544894216524788,1.9368730424641115e-200
26,LluviaDiariaAcumuladaSieteDiasSantaFe,37,LluviaDiariaAcumuladaSesentaDiasCordoba,0.39257473755838423,1.4703695214981259e-145
26,LluviaDiariaAcumuladaSieteDiasSantaFe,38,PrecioPromedioTreintaDiasSoja,nan,1.0
26,LluviaDiariaAcumuladaSieteDiasSantaFe,39,PrecioPromedioSesentaDiasSoja,0.036401077252603484,0.022216441206191033
26,LluviaDiariaAcumuladaSieteDiasSantaFe,40,PrecioPromedioNoventaDiasSoja,0.049468112390226956,0.0018812456984770493
26,LluviaDiariaAcumuladaSieteDiasSantaFe,41,PrecioRealDiaSiguiente,0.05450658578414984,0.0006138666120114914
27,LluviaDiariaAcumuladaSieteDiasBuenosAires.1,29,LluviaDiariaAcumuladaTreintaDiasSantaFe,nan,1.0
27,LluviaDiariaAcumuladaSieteDiasBuenosAires.1,30,LluviaDiariaAcumuladaTreintaDiasBuenosAires,0.34967262538689786,7.351099903101874e-114
27,LluviaDiariaAcumuladaSieteDiasBuenosAires.1,31,LluviaDiariaAcumuladaTreintaDiasCordoba,0.5684866293225428,0.0
27,LluviaDiariaAcumuladaSieteDiasBuenosAires.1,32,LluviaDiariaAcumuladaCuarentaCincoDiasSantaFe,nan,1.0
27,LluviaDiariaAcumuladaSieteDiasBuenosAires.1,33,LluviaDiariaAcumuladaCuarentaCincoDiasBuenosAires,0.2989244939957577,2.903391106375767e-82
27,LluviaDiariaAcumuladaSieteDiasBuenosAires.1,34,LluviaDiariaAcumuladaCuarentaCincoDiasCordoba,0.485110760661377,4.225058662199442e-232
27,LluviaDiariaAcumuladaSieteDiasBuenosAires.1,35,LluviaDiariaAcumuladaSesentaDiasSantaFe,nan,1.0
27,LluviaDiariaAcumuladaSieteDiasBuenosAires.1,36,LluviaDiariaAcumuladaSesentaDiasBuenosAires,0.2902893485232388,1.7671755435130374e-77
27,LluviaDiariaAcumuladaSieteDiasBuenosAires.1,37,LluviaDiariaAcumuladaSesentaDiasCordoba,0.45017997850353336,3.0835280249558313e-196
27,LluviaDiariaAcumuladaSieteDiasBuenosAires.1,38,PrecioPromedioTreintaDiasSoja,nan,1.0
27,LluviaDiariaAcumuladaSieteDiasBuenosAires.1,39,PrecioPromedioSesentaDiasSoja,0.025855386256844796,0.10439294157255832
27,LluviaDiariaAcumuladaSieteDiasBuenosAires.1,40,PrecioPromedioNoventaDiasSoja,0.05204936802483011,0.001072526492582404
27,LluviaDiariaAcumuladaSieteDiasBuenosAires.1,41,PrecioRealDiaSiguiente,0.035498387572744455,0.025753722430257083
28,LluviaDiariaAcumuladaSieteDiasCordoba.1,30,LluviaDiariaAcumuladaTreintaDiasBuenosAires,nan,1.0
28,LluviaDiariaAcumuladaSieteDiasCordoba.1,31,LluviaDiariaAcumuladaTreintaDiasCordoba,nan,1.0
28,LluviaDiariaAcumuladaSieteDiasCordoba.1,32,LluviaDiariaAcumuladaCuarentaCincoDiasSantaFe,nan,1.0
28,LluviaDiariaAcumuladaSieteDiasCordoba.1,33,LluviaDiariaAcumuladaCuarentaCincoDiasBuenosAires,nan,1.0
28,LluviaDiariaAcumuladaSieteDiasCordoba.1,34,LluviaDiariaAcumuladaCuarentaCincoDiasCordoba,nan,1.0
28,LluviaDiariaAcumuladaSieteDiasCordoba.1,35,LluviaDiariaAcumuladaSesentaDiasSantaFe,nan,1.0
28,LluviaDiariaAcumuladaSieteDiasCordoba.1,36,LluviaDiariaAcumuladaSesentaDiasBuenosAires,nan,1.0
28,LluviaDiariaAcumuladaSieteDiasCordoba.1,37,LluviaDiariaAcumuladaSesentaDiasCordoba,nan,1.0
28,LluviaDiariaAcumuladaSieteDiasCordoba.1,38,PrecioPromedioTreintaDiasSoja,nan,1.0
28,LluviaDiariaAcumuladaSieteDiasCordoba.1,39,PrecioPromedioSesentaDiasSoja,nan,1.0
28,LluviaDiariaAcumuladaSieteDiasCordoba.1,40,PrecioPromedioNoventaDiasSoja,nan,1.0
28,LluviaDiariaAcumuladaSieteDiasCordoba.1,41,PrecioRealDiaSiguiente,nan,1.0
29,LluviaDiariaAcumuladaTreintaDiasSantaFe,31,LluviaDiariaAcumuladaTreintaDiasCordoba,0.6947323227844768,0.0
29,LluviaDiariaAcumuladaTreintaDiasSantaFe,32,LluviaDiariaAcumuladaCuarentaCincoDiasSantaFe,nan,1.0
29,LluviaDiariaAcumuladaTreintaDiasSantaFe,33,LluviaDiariaAcumuladaCuarentaCincoDiasBuenosAires,0.8868846785606487,0.0
29,LluviaDiariaAcumuladaTreintaDiasSantaFe,34,LluviaDiariaAcumuladaCuarentaCincoDiasCordoba,0.6717757360005253,0.0
29,LluviaDiariaAcumuladaTreintaDiasSantaFe,35,LluviaDiariaAcumuladaSesentaDiasSantaFe,nan,1.0
29,LluviaDiariaAcumuladaTreintaDiasSantaFe,36,LluviaDiariaAcumuladaSesentaDiasBuenosAires,0.8135964957752534,0.0
29,LluviaDiariaAcumuladaTreintaDiasSantaFe,37,LluviaDiariaAcumuladaSesentaDiasCordoba,0.6474202949689336,0.0
29,LluviaDiariaAcumuladaTreintaDiasSantaFe,38,PrecioPromedioTreintaDiasSoja,nan,1.0
29,LluviaDiariaAcumuladaTreintaDiasSantaFe,39,PrecioPromedioSesentaDiasSoja,0.05582124883990028,0.0004512197222548168
29,LluviaDiariaAcumuladaTreintaDiasSantaFe,40,PrecioPromedioNoventaDiasSoja,0.056404280064138786,0.00039282430275371013
29,LluviaDiariaAcumuladaTreintaDiasSantaFe,41,PrecioRealDiaSiguiente,0.0841847649093797,1.1838090916581725e-07
30,LluviaDiariaAcumuladaTreintaDiasBuenosAires,32,LluviaDiariaAcumuladaCuarentaCincoDiasSantaFe,nan,1.0
30,LluviaDiariaAcumuladaTreintaDiasBuenosAires,33,LluviaDiariaAcumuladaCuarentaCincoDiasBuenosAires,0.6252526249834647,0.0
30,LluviaDiariaAcumuladaTreintaDiasBuenosAires,34,LluviaDiariaAcumuladaCuarentaCincoDiasCordoba,0.8823676631050209,0.0
30,LluviaDiariaAcumuladaTreintaDiasBuenosAires,35,LluviaDiariaAcumuladaSesentaDiasSantaFe,nan,1.0
30,LluviaDiariaAcumuladaTreintaDiasBuenosAires,36,LluviaDiariaAcumuladaSesentaDiasBuenosAires,0.5819554965019919,0.0
30,LluviaDiariaAcumuladaTreintaDiasBuenosAires,37,LluviaDiariaAcumuladaSesentaDiasCordoba,0.8075769563107219,0.0
30,LluviaDiariaAcumuladaTreintaDiasBuenosAires,38,PrecioPromedioTreintaDiasSoja,nan,1.0
30,LluviaDiariaAcumuladaTreintaDiasBuenosAires,39,PrecioPromedioSesentaDiasSoja,0.04851860361978402,0.0022988558070477323
30,LluviaDiariaAcumuladaTreintaDiasBuenosAires,40,PrecioPromedioNoventaDiasSoja,0.0793182678732646,6.07448757504851e-07
30,LluviaDiariaAcumuladaTreintaDiasBuenosAires,41,PrecioRealDiaSiguiente,0.07668752378571342,1.4150573802206093e-06
31,LluviaDiariaAcumuladaTreintaDiasCordoba,33,LluviaDiariaAcumuladaCuarentaCincoDiasBuenosAires,nan,1.0
31,LluviaDiariaAcumuladaTreintaDiasCordoba,34,LluviaDiariaAcumuladaCuarentaCincoDiasCordoba,nan,1.0
31,LluviaDiariaAcumuladaTreintaDiasCordoba,35,LluviaDiariaAcumuladaSesentaDiasSantaFe,nan,1.0
31,LluviaDiariaAcumuladaTreintaDiasCordoba,36,LluviaDiariaAcumuladaSesentaDiasBuenosAires,nan,1.0
31,LluviaDiariaAcumuladaTreintaDiasCordoba,37,LluviaDiariaAcumuladaSesentaDiasCordoba,nan,1.0
31,LluviaDiariaAcumuladaTreintaDiasCordoba,38,PrecioPromedioTreintaDiasSoja,nan,1.0
31,LluviaDiariaAcumuladaTreintaDiasCordoba,39,PrecioPromedioSesentaDiasSoja,nan,1.0
31,LluviaDiariaAcumuladaTreintaDiasCordoba,40,PrecioPromedioNoventaDiasSoja,nan,1.0
31,LluviaDiariaAcumuladaTreintaDiasCordoba,41,PrecioRealDiaSiguiente,nan,1.0
32,LluviaDiariaAcumuladaCuarentaCincoDiasSantaFe,34,LluviaDiariaAcumuladaCuarentaCincoDiasCordoba,0.7291643479573744,0.0
32,LluviaDiariaAcumuladaCuarentaCincoDiasSantaFe,35,LluviaDiariaAcumuladaSesentaDiasSantaFe,nan,1.0
32,LluviaDiariaAcumuladaCuarentaCincoDiasSantaFe,36,LluviaDiariaAcumuladaSesentaDiasBuenosAires,0.9281798865090807,0.0
32,LluviaDiariaAcumuladaCuarentaCincoDiasSantaFe,37,LluviaDiariaAcumuladaSesentaDiasCordoba,0.7210753992847899,0.0
32,LluviaDiariaAcumuladaCuarentaCincoDiasSantaFe,38,PrecioPromedioTreintaDiasSoja,nan,1.0
32,LluviaDiariaAcumuladaCuarentaCincoDiasSantaFe,39,PrecioPromedioSesentaDiasSoja,0.050226647776412156,0.001598997796514286
32,LluviaDiariaAcumuladaCuarentaCincoDiasSantaFe,40,PrecioPromedioNoventaDiasSoja,0.04746871599613845,0.0028582231037596294
32,LluviaDiariaAcumuladaCuarentaCincoDiasSantaFe,41,PrecioRealDiaSiguiente,0.07616885091306826,1.6665056921724603e-06
33,LluviaDiariaAcumuladaCuarentaCincoDiasBuenosAires,35,LluviaDiariaAcumuladaSesentaDiasSantaFe,nan,1.0
33,LluviaDiariaAcumuladaCuarentaCincoDiasBuenosAires,36,LluviaDiariaAcumuladaSesentaDiasBuenosAires,0.6906330238740868,0.0
33,LluviaDiariaAcumuladaCuarentaCincoDiasBuenosAires,37,LluviaDiariaAcumuladaSesentaDiasCordoba,0.9242541041436384,0.0
33,LluviaDiariaAcumuladaCuarentaCincoDiasBuenosAires,38,PrecioPromedioTreintaDiasSoja,nan,1.0
33,LluviaDiariaAcumuladaCuarentaCincoDiasBuenosAires,39,PrecioPromedioSesentaDiasSoja,0.028779560572274692,0.07066053873679135
33,LluviaDiariaAcumuladaCuarentaCincoDiasBuenosAires,40,PrecioPromedioNoventaDiasSoja,0.05133281750138714,0.0012566998903621035
33,LluviaDiariaAcumuladaCuarentaCincoDiasBuenosAires,41,PrecioRealDiaSiguiente,0.06468792297060304,4.772738408023766e-05
34,LluviaDiariaAcumuladaCuarentaCincoDiasCordoba,36,LluviaDiariaAcumuladaSesentaDiasBuenosAires,nan,1.0
34,LluviaDiariaAcumuladaCuarentaCincoDiasCordoba,37,LluviaDiariaAcumuladaSesentaDiasCordoba,nan,1.0
34,LluviaDiariaAcumuladaCuarentaCincoDiasCordoba,38,PrecioPromedioTreintaDiasSoja,nan,1.0
34,LluviaDiariaAcumuladaCuarentaCincoDiasCordoba,39,PrecioPromedioSesentaDiasSoja,nan,1.0
34,LluviaDiariaAcumuladaCuarentaCincoDiasCordoba,40,PrecioPromedioNoventaDiasSoja,nan,1.0
34,LluviaDiariaAcumuladaCuarentaCincoDiasCordoba,41,PrecioRealDiaSiguiente,nan,1.0
35,LluviaDiariaAcumuladaSesentaDiasSantaFe,37,LluviaDiariaAcumuladaSesentaDiasCordoba,0.762013371947525,0.0
35,LluviaDiariaAcumuladaSesentaDiasSantaFe,38,PrecioPromedioTreintaDiasSoja,nan,1.0
35,LluviaDiariaAcumuladaSesentaDiasSantaFe,39,PrecioPromedioSesentaDiasSoja,0.03457883589672609,0.029847605855934434
35,LluviaDiariaAcumuladaSesentaDiasSantaFe,40,PrecioPromedioNoventaDiasSoja,0.03536420845301129,0.02631905020387444
35,LluviaDiariaAcumuladaSesentaDiasSantaFe,41,PrecioRealDiaSiguiente,0.056088479426506355,0.0004235153768648037
36,LluviaDiariaAcumuladaSesentaDiasBuenosAires,38,PrecioPromedioTreintaDiasSoja,nan,1.0
36,LluviaDiariaAcumuladaSesentaDiasBuenosAires,39,PrecioPromedioSesentaDiasSoja,0.004321193502996839,0.786113762028485
36,LluviaDiariaAcumuladaSesentaDiasBuenosAires,40,PrecioPromedioNoventaDiasSoja,0.03242856527226576,0.04165386821422511
36,LluviaDiariaAcumuladaSesentaDiasBuenosAires,41,PrecioRealDiaSiguiente,0.04596946180231892,0.0038734920206795714
37,LluviaDiariaAcumuladaSesentaDiasCordoba,39,PrecioPromedioSesentaDiasSoja,nan,1.0
37,LluviaDiariaAcumuladaSesentaDiasCordoba,40,PrecioPromedioNoventaDiasSoja,nan,1.0
37,LluviaDiariaAcumuladaSesentaDiasCordoba,41,PrecioRealDiaSiguiente,nan,1.0
38,PrecioPromedioTreintaDiasSoja,40,PrecioPromedioNoventaDiasSoja,0.8139439581869904,0.0
38,PrecioPromedioTreintaDiasSoja,41,PrecioRealDiaSiguiente,0.6996036205195232,0.0
39,PrecioPromedioSesentaDiasSoja,41,PrecioRealDiaSiguiente,0.8856899742838215,0.0
