0,LluviaDiariaSantaFe,2,LluviaDiariaCordoba,0.048128291593139264,0.00774978690992743
0,LluviaDiariaSantaFe,3,CotizacionDolar,0.23413864536261972,2.230332089549892e-39
0,LluviaDiariaSantaFe,4,PrecioPromedioDiarioTrigoUSD,0.019121140758734834,0.29033192406031527
0,LluviaDiariaSantaFe,5,SuperficieSembradaTrigoSantaFe,0.003991823761008079,0.8253046649472981
0,LluviaDiariaSantaFe,6,SuperficieSembradaTrigoBuenosAires,0.0018188660016134463,0.9198888986278666
0,LluviaDiariaSantaFe,7,SuperficieSembradaTrigoCordoba,-0.001832241561806662,0.9193017829032218
0,LluviaDiariaSantaFe,8,SuperficieCosechadaTrigoSantaFe,0.005662573446251616,0.7541951052258704
0,LluviaDiariaSantaFe,9,SuperficieCosechadaTrigoBuenosAires,-0.0002490276479816414,0.9890135559998711
0,LluviaDiariaSantaFe,10,SuperficieCosechadaTrigoCordoba,0.0015476630605744887,0.9318022354638511
0,LluviaDiariaSantaFe,11,ProduccionTrigoSantaFe,0.0037898656622598597,0.8340110183255592
0,LluviaDiariaSantaFe,12,ProduccionTrigoBuenosAires,-0.019738845925543404,0.27502688749442067
0,LluviaDiariaSantaFe,13,ProduccionTrigoCordoba,-0.014395889720608264,0.4259988154166494
0,LluviaDiariaSantaFe,14,RendimientoTrigoSantaFe,-0.012355204731834582,0.49447858448280146
0,LluviaDiariaSantaFe,15,RendimientoTrigoBuenosAires,0.05056446040802608,0.005146237948497583
0,LluviaDiariaSantaFe,16,RendimientoTrigoCordoba,-0.0009633331938852475,0.9575190143679718
0,LluviaDiariaSantaFe,17,PromedioIncendiosMensualesSantaFe,0.02078067041640074,0.2504799912533686
0,LluviaDiariaSantaFe,18,PromedioIncendiosMensualesBuenosAires,-0.01699975623064721,0.3471848560079296
0,LluviaDiariaSantaFe,19,PromedioIncendioMensualesCordoba,-0.02740304923722581,0.12963899150311337
0,LluviaDiariaSantaFe,20,VariacionTrigoDiaAnterior,-0.007750338064000402,0.6682443430968588
0,LluviaDiariaSantaFe,21,VariacionTrigoTresDia,-0.012563387821207717,0.4872334598767768
0,LluviaDiariaSantaFe,22,VariacionTrigoSieteDias,-0.0015259283803696429,0.93275768833083
0,LluviaDiariaSantaFe,23,LluviaAcumuladaSieteDiasSantaFe,0.0032474908197525896,0.8574906354566525
0,LluviaDiariaSantaFe,24,LluviaDiariaAcumuladaSieteDiasBuenosAires,0.13189730150267626,2.384709345439157e-13
0,LluviaDiariaSantaFe,25,LluviaDiariaAcumuladaSieteDiasCordoba,0.16703064051871394,1.3871791327454793e-20
0,LluviaDiariaSantaFe,26,LluviaDiariaAcumuladaSieteDiasSantaFe,nan,1.0
0,LluviaDiariaSantaFe,27,LluviaDiariaAcumuladaSieteDiasBuenosAires.1,0.13189730150267626,2.384709345439157e-13
0,LluviaDiariaSantaFe,28,LluviaDiariaAcumuladaSieteDiasCordoba.1,0.16703064051871394,1.3871791327454793e-20
0,LluviaDiariaSantaFe,29,LluviaDiariaAcumuladaTreintaDiasSantaFe,nan,1.0
0,LluviaDiariaSantaFe,30,LluviaDiariaAcumuladaTreintaDiasBuenosAires,0.1270755411702004,1.7233044923949516e-12
0,LluviaDiariaSantaFe,31,LluviaDiariaAcumuladaTreintaDiasCordoba,0.15032029567178976,6.301145580431638e-17
0,LluviaDiariaSantaFe,32,LluviaDiariaAcumuladaCuarentaCincoDiasSantaFe,nan,1.0
0,LluviaDiariaSantaFe,33,LluviaDiariaAcumuladaCuarentaCincoDiasBuenosAires,0.11653686106072202,1.0069228092590194e-10
0,LluviaDiariaSantaFe,34,LluviaDiariaAcumuladaCuarentaCincoDiasCordoba,0.14926760558032787,1.0389976588932904e-16
0,LluviaDiariaSantaFe,35,LluviaDiariaAcumuladaSesentaDiasSantaFe,nan,1.0
0,LluviaDiariaSantaFe,36,LluviaDiariaAcumuladaSesentaDiasBuenosAires,0.11111900309634756,7.120695208076606e-10
0,LluviaDiariaSantaFe,37,LluviaDiariaAcumuladaSesentaDiasCordoba,0.14033066280205742,6.281999297257767e-15
0,LluviaDiariaSantaFe,38,PrecioPromedioTreintaDiasTrigo,nan,1.0
0,LluviaDiariaSantaFe,39,PrecioPromedioSesentaDiasTrigo,0.0006309815443070562,0.9721675208295613
0,LluviaDiariaSantaFe,40,PrecioPromedioNoventaDiasTrigo,0.0014433795880266682,0.9363873900352186
0,LluviaDiariaSantaFe,41,PrecioRealDiaSiguiente,0.004136203007976546,0.8190935910201467
1,LluviaDiariaBuenosAires,3,CotizacionDolar,0.027177991762316618,0.1328195521169533
1,LluviaDiariaBuenosAires,4,PrecioPromedioDiarioTrigoUSD,0.17231303349326893,8.003753079567227e-22
1,LluviaDiariaBuenosAires,5,SuperficieSembradaTrigoSantaFe,0.08878218547675745,8.703328254030481e-07
1,LluviaDiariaBuenosAires,6,SuperficieSembradaTrigoBuenosAires,-0.01103733386660996,0.5416470202041385
1,LluviaDiariaBuenosAires,7,SuperficieSembradaTrigoCordoba,0.05476257263078744,0.0024426874706277497
1,LluviaDiariaBuenosAires,8,SuperficieCosechadaTrigoSantaFe,0.017649099135003735,0.3290758397686202
1,LluviaDiariaBuenosAires,9,SuperficieCosechadaTrigoBuenosAires,-0.030747023876445595,0.08902781297784795
1,LluviaDiariaBuenosAires,10,SuperficieCosechadaTrigoCordoba,0.0338327324384728,0.061302773816428284
1,LluviaDiariaBuenosAires,11,ProduccionTrigoSantaFe,0.00047613075428375846,0.9789961268039007
1,LluviaDiariaBuenosAires,12,ProduccionTrigoBuenosAires,0.02523066419830026,0.1629123555470353
1,LluviaDiariaBuenosAires,13,ProduccionTrigoCordoba,-0.0699053581049499,0.00010877805551125725
1,LluviaDiariaBuenosAires,14,RendimientoTrigoSantaFe,0.10504831211328375,5.720399543316585e-09
1,LluviaDiariaBuenosAires,15,RendimientoTrigoBuenosAires,0.0763966924744391,2.3315889515798546e-05
1,LluviaDiariaBuenosAires,16,RendimientoTrigoCordoba,-0.011802330664893293,0.5139957071146237
1,LluviaDiariaBuenosAires,17,PromedioIncendiosMensualesSantaFe,0.041605533535411666,0.021359963908396905
1,LluviaDiariaBuenosAires,18,PromedioIncendiosMensualesBuenosAires,-0.04855076191567182,0.007227365956097541
1,LluviaDiariaBuenosAires,19,PromedioIncendioMensualesCordoba,-0.0928057039854614,2.707283043524082e-07
1,LluviaDiariaBuenosAires,20,VariacionTrigoDiaAnterior,-0.07895629463964712,1.2272522850880637e-05
1,LluviaDiariaBuenosAires,21,VariacionTrigoTresDia,0.011133104295082585,0.5381451132017732
1,LluviaDiariaBuenosAires,22,VariacionTrigoSieteDias,0.00272997035278598,0.8800127292308354
1,LluviaDiariaBuenosAires,23,LluviaAcumuladaSieteDiasSantaFe,-0.013297778165009802,0.4621393295457584
1,LluviaDiariaBuenosAires,24,LluviaDiariaAcumuladaSieteDiasBuenosAires,0.0212255574798542,0.24047821735931166
1,LluviaDiariaBuenosAires,25,LluviaDiariaAcumuladaSieteDiasCordoba,0.0005214487875491486,0.9769975118200599
1,LluviaDiariaBuenosAires,26,LluviaDiariaAcumuladaSieteDiasSantaFe,nan,1.0
1,LluviaDiariaBuenosAires,27,LluviaDiariaAcumuladaSieteDiasBuenosAires.1,0.0212255574798542,0.24047821735931166
1,LluviaDiariaBuenosAires,28,LluviaDiariaAcumuladaSieteDiasCordoba.1,0.0005214487875491486,0.9769975118200599
1,LluviaDiariaBuenosAires,29,LluviaDiariaAcumuladaTreintaDiasSantaFe,nan,1.0
1,LluviaDiariaBuenosAires,30,LluviaDiariaAcumuladaTreintaDiasBuenosAires,0.007479287479648984,0.679188693214082
1,LluviaDiariaBuenosAires,31,LluviaDiariaAcumuladaTreintaDiasCordoba,0.003083746094291642,0.8646050488614474
1,LluviaDiariaBuenosAires,32,LluviaDiariaAcumuladaCuarentaCincoDiasSantaFe,nan,1.0
1,LluviaDiariaBuenosAires,33,LluviaDiariaAcumuladaCuarentaCincoDiasBuenosAires,0.007698056741177374,0.6703499433599045
1,LluviaDiariaBuenosAires,34,LluviaDiariaAcumuladaCuarentaCincoDiasCordoba,0.007775893274782126,0.6672160689495248
1,LluviaDiariaBuenosAires,35,LluviaDiariaAcumuladaSesentaDiasSantaFe,nan,1.0
1,LluviaDiariaBuenosAires,36,LluviaDiariaAcumuladaSesentaDiasBuenosAires,0.01583884895563674,0.38110680338991776
1,LluviaDiariaBuenosAires,37,LluviaDiariaAcumuladaSesentaDiasCordoba,0.012878839292176524,0.47636530436452407
1,LluviaDiariaBuenosAires,38,PrecioPromedioTreintaDiasTrigo,nan,1.0
1,LluviaDiariaBuenosAires,39,PrecioPromedioSesentaDiasTrigo,0.09949515127788798,3.483036360101807e-08
1,LluviaDiariaBuenosAires,40,PrecioPromedioNoventaDiasTrigo,0.10083360274728792,2.2731613370646735e-08
1,LluviaDiariaBuenosAires,41,PrecioRealDiaSiguiente,0.1000649213340968,2.906410212837404e-08
2,LluviaDiariaCordoba,4,PrecioPromedioDiarioTrigoUSD,-0.0023393763670665054,0.8970765864097614
2,LluviaDiariaCordoba,5,SuperficieSembradaTrigoSantaFe,-0.04810035731377314,0.007785493581390507
2,LluviaDiariaCordoba,6,SuperficieSembradaTrigoBuenosAires,0.01153349615058064,0.5236286044110421
2,LluviaDiariaCordoba,7,SuperficieSembradaTrigoCordoba,0.027850852083015853,0.12348667874392907
2,LluviaDiariaCordoba,8,SuperficieCosechadaTrigoSantaFe,-0.0025893193657761907,0.8861513508711946
2,LluviaDiariaCordoba,9,SuperficieCosechadaTrigoBuenosAires,0.013588644294230488,0.45240340017737124
2,LluviaDiariaCordoba,10,SuperficieCosechadaTrigoCordoba,0.030519799191100778,0.09141597493316184
2,LluviaDiariaCordoba,11,ProduccionTrigoSantaFe,0.0023455825171926075,0.8968050648995088
2,LluviaDiariaCordoba,12,ProduccionTrigoBuenosAires,0.006491276610209926,0.7196424060946007
2,LluviaDiariaCordoba,13,ProduccionTrigoCordoba,-0.006054728600717627,0.7377780263341179
2,LluviaDiariaCordoba,14,RendimientoTrigoSantaFe,-0.010401342554402442,0.5651869367499402
2,LluviaDiariaCordoba,15,RendimientoTrigoBuenosAires,-0.0108770453258047,0.5475333966771139
2,LluviaDiariaCordoba,16,RendimientoTrigoCordoba,0.007415044798934799,0.6817927004619897
2,LluviaDiariaCordoba,17,PromedioIncendiosMensualesSantaFe,-0.03617290256021389,0.04541143268063813
2,LluviaDiariaCordoba,18,PromedioIncendiosMensualesBuenosAires,0.00872738044433371,0.6293891728039043
2,LluviaDiariaCordoba,19,PromedioIncendioMensualesCordoba,-0.016544666688545474,0.36024705662707124
2,LluviaDiariaCordoba,20,VariacionTrigoDiaAnterior,-0.012980165618166463,0.472902720102495
2,LluviaDiariaCordoba,21,VariacionTrigoTresDia,0.004672039098662509,0.7961443257639779
2,LluviaDiariaCordoba,22,VariacionTrigoSieteDias,0.010078935517251647,0.577305040158428
2,LluviaDiariaCordoba,23,LluviaAcumuladaSieteDiasSantaFe,0.020861313850417472,0.24864577938756585
2,LluviaDiariaCordoba,24,LluviaDiariaAcumuladaSieteDiasBuenosAires,0.06082249769382714,0.0007619032326137967
2,LluviaDiariaCordoba,25,LluviaDiariaAcumuladaSieteDiasCordoba,0.07627035725720406,2.4054087699073037e-05
2,LluviaDiariaCordoba,26,LluviaDiariaAcumuladaSieteDiasSantaFe,nan,1.0
2,LluviaDiariaCordoba,27,LluviaDiariaAcumuladaSieteDiasBuenosAires.1,0.06082249769382714,0.0007619032326137967
2,LluviaDiariaCordoba,28,LluviaDiariaAcumuladaSieteDiasCordoba.1,0.07627035725720406,2.4054087699073037e-05
2,LluviaDiariaCordoba,29,LluviaDiariaAcumuladaTreintaDiasSantaFe,nan,1.0
2,LluviaDiariaCordoba,30,LluviaDiariaAcumuladaTreintaDiasBuenosAires,0.05295332814681367,0.0033886128654114726
2,LluviaDiariaCordoba,31,LluviaDiariaAcumuladaTreintaDiasCordoba,0.0932525520375661,2.370784012831943e-07
2,LluviaDiariaCordoba,32,LluviaDiariaAcumuladaCuarentaCincoDiasSantaFe,nan,1.0
2,LluviaDiariaCordoba,33,LluviaDiariaAcumuladaCuarentaCincoDiasBuenosAires,0.04027939924348812,0.02587117305404583
2,LluviaDiariaCordoba,34,LluviaDiariaAcumuladaCuarentaCincoDiasCordoba,0.08785943304302671,1.1297710477174668e-06
2,LluviaDiariaCordoba,35,LluviaDiariaAcumuladaSesentaDiasSantaFe,nan,1.0
2,LluviaDiariaCordoba,36,LluviaDiariaAcumuladaSesentaDiasBuenosAires,0.043400279506121235,0.01635323278593449
2,LluviaDiariaCordoba,37,LluviaDiariaAcumuladaSesentaDiasCordoba,0.0794180531858806,1.0908048208669568e-05
2,LluviaDiariaCordoba,38,PrecioPromedioTreintaDiasTrigo,nan,1.0
2,LluviaDiariaCordoba,39,PrecioPromedioSesentaDiasTrigo,-0.05491401527970612,0.0023756579832955463
2,LluviaDiariaCordoba,40,PrecioPromedioNoventaDiasTrigo,-0.052310900341415605,0.003797683248785269
2,LluviaDiariaCordoba,41,PrecioRealDiaSiguiente,-0.0473336426465783,0.00882485217540799
3,CotizacionDolar,5,SuperficieSembradaTrigoSantaFe,0.4570509339657334,7.910470408286262e-158
3,CotizacionDolar,6,SuperficieSembradaTrigoBuenosAires,0.004887311261223907,0.786972655535201
3,CotizacionDolar,7,SuperficieSembradaTrigoCordoba,0.46952331780368606,1.302085085113851e-167
3,CotizacionDolar,8,SuperficieCosechadaTrigoSantaFe,0.19120866135831516,1.3849133620179755e-26
3,CotizacionDolar,9,SuperficieCosechadaTrigoBuenosAires,-0.12650328977629519,2.1686159180409685e-12
3,CotizacionDolar,10,SuperficieCosechadaTrigoCordoba,0.35151652391556054,1.0753217081539813e-89
3,CotizacionDolar,11,ProduccionTrigoSantaFe,0.08527810346539164,2.312146435542843e-06
3,CotizacionDolar,12,ProduccionTrigoBuenosAires,0.2411939106353765,9.448431008536983e-42
3,CotizacionDolar,13,ProduccionTrigoCordoba,-0.26902285220846833,6.938801885575554e-52
3,CotizacionDolar,14,RendimientoTrigoSantaFe,0.5341290956451161,2.4667417353367163e-225
3,CotizacionDolar,15,RendimientoTrigoBuenosAires,0.011926964024931186,0.5095613018475216
3,CotizacionDolar,16,RendimientoTrigoCordoba,-0.12647909190431658,2.189745848663211e-12
3,CotizacionDolar,17,PromedioIncendiosMensualesSantaFe,-0.08032833084618617,8.630365022740269e-06
3,CotizacionDolar,18,PromedioIncendiosMensualesBuenosAires,-0.26480795034370397,2.8629394797699315e-50
3,CotizacionDolar,19,PromedioIncendioMensualesCordoba,-0.5179744970348917,1.0278481790814108e-209
3,CotizacionDolar,20,VariacionTrigoDiaAnterior,-0.42493352368492754,1.9546663468572767e-134
3,CotizacionDolar,21,VariacionTrigoTresDia,-0.010328747606388723,0.5679048284683053
3,CotizacionDolar,22,VariacionTrigoSieteDias,-0.00985303131978236,0.5858681765801517
3,CotizacionDolar,23,LluviaAcumuladaSieteDiasSantaFe,-0.009435003564183989,0.6018674017237857
3,CotizacionDolar,24,LluviaDiariaAcumuladaSieteDiasBuenosAires,0.026800177910941133,0.13829424739568902
3,CotizacionDolar,25,LluviaDiariaAcumuladaSieteDiasCordoba,-0.009425305065781011,0.6022409205515816
3,CotizacionDolar,26,LluviaDiariaAcumuladaSieteDiasSantaFe,nan,1.0
3,CotizacionDolar,27,LluviaDiariaAcumuladaSieteDiasBuenosAires.1,0.026800177910941133,0.13829424739568902
3,CotizacionDolar,28,LluviaDiariaAcumuladaSieteDiasCordoba.1,-0.009425305065781011,0.6022409205515816
3,CotizacionDolar,29,LluviaDiariaAcumuladaTreintaDiasSantaFe,nan,1.0
3,CotizacionDolar,30,LluviaDiariaAcumuladaTreintaDiasBuenosAires,0.04009785407791384,0.026548733581982276
3,CotizacionDolar,31,LluviaDiariaAcumuladaTreintaDiasCordoba,-0.008915186115210076,0.6220323500981665
3,CotizacionDolar,32,LluviaDiariaAcumuladaCuarentaCincoDiasSantaFe,nan,1.0
3,CotizacionDolar,33,LluviaDiariaAcumuladaCuarentaCincoDiasBuenosAires,0.04903624408284898,0.006666204920507607
3,CotizacionDolar,34,LluviaDiariaAcumuladaCuarentaCincoDiasCordoba,-0.006282996913721603,0.7282760791055356
3,CotizacionDolar,35,LluviaDiariaAcumuladaSesentaDiasSantaFe,nan,1.0
3,CotizacionDolar,36,LluviaDiariaAcumuladaSesentaDiasBuenosAires,0.05807156475030563,0.0013100915392053587
3,CotizacionDolar,37,LluviaDiariaAcumuladaSesentaDiasCordoba,-0.002623332237358697,0.8846662405577591
3,CotizacionDolar,38,PrecioPromedioTreintaDiasTrigo,nan,1.0
3,CotizacionDolar,39,PrecioPromedioSesentaDiasTrigo,0.47611921789865247,5.9443298496706025e-173
3,CotizacionDolar,40,PrecioPromedioNoventaDiasTrigo,0.47636492398280644,3.7401426508857094e-173
3,CotizacionDolar,41,PrecioRealDiaSiguiente,0.46044614755134133,1.8840347040984714e-160
4,PrecioPromedioDiarioTrigoUSD,6,SuperficieSembradaTrigoBuenosAires,-0.17579181572998712,1.162871380340186e-22
4,PrecioPromedioDiarioTrigoUSD,7,SuperficieSembradaTrigoCordoba,-0.057719798894844486,0.0014018973855522883
4,PrecioPromedioDiarioTrigoUSD,8,SuperficieCosechadaTrigoSantaFe,-0.12333106426899407,7.610344277629973e-12
4,PrecioPromedioDiarioTrigoUSD,9,SuperficieCosechadaTrigoBuenosAires,-0.226871759244674,5.144692447198247e-37
4,PrecioPromedioDiarioTrigoUSD,10,SuperficieCosechadaTrigoCordoba,-0.16048489698584772,4.187175673343514e-19
4,PrecioPromedioDiarioTrigoUSD,11,ProduccionTrigoSantaFe,-0.18558953405103898,4.0911816119496286e-25
4,PrecioPromedioDiarioTrigoUSD,12,ProduccionTrigoBuenosAires,-0.011473780736790276,0.5257808256486396
4,PrecioPromedioDiarioTrigoUSD,13,ProduccionTrigoCordoba,-0.24263500505224408,3.0270931001582267e-42
4,PrecioPromedioDiarioTrigoUSD,14,RendimientoTrigoSantaFe,0.2106852016290051,4.8187006912143403e-32
4,PrecioPromedioDiarioTrigoUSD,15,RendimientoTrigoBuenosAires,0.24285215579533745,2.5483136124157896e-42
4,PrecioPromedioDiarioTrigoUSD,16,RendimientoTrigoCordoba,-0.0608196858563256,0.0007623340190621984
4,PrecioPromedioDiarioTrigoUSD,17,PromedioIncendiosMensualesSantaFe,0.056935627505190545,0.001628281672919272
4,PrecioPromedioDiarioTrigoUSD,18,PromedioIncendiosMensualesBuenosAires,-0.07678991147117317,2.1153686145946757e-05
4,PrecioPromedioDiarioTrigoUSD,19,PromedioIncendioMensualesCordoba,-0.21771521286332735,3.739577989948033e-34
4,PrecioPromedioDiarioTrigoUSD,20,VariacionTrigoDiaAnterior,-0.31638516138513784,4.178602741947943e-72
4,PrecioPromedioDiarioTrigoUSD,21,VariacionTrigoTresDia,0.2530026833384272,6.721002221625194e-46
4,PrecioPromedioDiarioTrigoUSD,22,VariacionTrigoSieteDias,0.32821506078766716,9.001527680755834e-78
4,PrecioPromedioDiarioTrigoUSD,23,LluviaAcumuladaSieteDiasSantaFe,0.37179152169956625,6.342097178034952e-101
4,PrecioPromedioDiarioTrigoUSD,24,LluviaDiariaAcumuladaSieteDiasBuenosAires,0.019395118967255907,0.2834741927402362
4,PrecioPromedioDiarioTrigoUSD,25,LluviaDiariaAcumuladaSieteDiasCordoba,-0.06527256745743877,0.00030258354568755746
4,PrecioPromedioDiarioTrigoUSD,26,LluviaDiariaAcumuladaSieteDiasSantaFe,nan,1.0
4,PrecioPromedioDiarioTrigoUSD,27,LluviaDiariaAcumuladaSieteDiasBuenosAires.1,0.019395118967255907,0.2834741927402362
4,PrecioPromedioDiarioTrigoUSD,28,LluviaDiariaAcumuladaSieteDiasCordoba.1,-0.06527256745743877,0.00030258354568755746
4,PrecioPromedioDiarioTrigoUSD,29,LluviaDiariaAcumuladaTreintaDiasSantaFe,nan,1.0
4,PrecioPromedioDiarioTrigoUSD,30,LluviaDiariaAcumuladaTreintaDiasBuenosAires,0.02805113662740865,0.12080981178716108
4,PrecioPromedioDiarioTrigoUSD,31,LluviaDiariaAcumuladaTreintaDiasCordoba,-0.08021806199951732,8.87990670770474e-06
4,PrecioPromedioDiarioTrigoUSD,32,LluviaDiariaAcumuladaCuarentaCincoDiasSantaFe,nan,1.0
4,PrecioPromedioDiarioTrigoUSD,33,LluviaDiariaAcumuladaCuarentaCincoDiasBuenosAires,0.03360742038639386,0.0630503698085391
4,PrecioPromedioDiarioTrigoUSD,34,LluviaDiariaAcumuladaCuarentaCincoDiasCordoba,-0.07286977475990931,5.4678083177921616e-05
4,PrecioPromedioDiarioTrigoUSD,35,LluviaDiariaAcumuladaSesentaDiasSantaFe,nan,1.0
4,PrecioPromedioDiarioTrigoUSD,36,LluviaDiariaAcumuladaSesentaDiasBuenosAires,0.03706204457182608,0.0403607576999585
4,PrecioPromedioDiarioTrigoUSD,37,LluviaDiariaAcumuladaSesentaDiasCordoba,-0.07303872012288246,5.253490652842558e-05
4,PrecioPromedioDiarioTrigoUSD,38,PrecioPromedioTreintaDiasTrigo,nan,1.0
4,PrecioPromedioDiarioTrigoUSD,39,PrecioPromedioSesentaDiasTrigo,0.724695679920893,0.0
4,PrecioPromedioDiarioTrigoUSD,40,PrecioPromedioNoventaDiasTrigo,0.7391250501204821,0.0
4,PrecioPromedioDiarioTrigoUSD,41,PrecioRealDiaSiguiente,0.7554728926266028,0.0
5,SuperficieSembradaTrigoSantaFe,7,SuperficieSembradaTrigoCordoba,0.22215965540980756,1.584801726900721e-35
5,SuperficieSembradaTrigoSantaFe,8,SuperficieCosechadaTrigoSantaFe,0.7052290523149898,0.0
5,SuperficieSembradaTrigoSantaFe,9,SuperficieCosechadaTrigoBuenosAires,0.9874072049010484,0.0
5,SuperficieSembradaTrigoSantaFe,10,SuperficieCosechadaTrigoCordoba,0.45081090778936433,4.38892286360881e-153
5,SuperficieSembradaTrigoSantaFe,11,ProduccionTrigoSantaFe,0.6756992203124889,0.0
5,SuperficieSembradaTrigoSantaFe,12,ProduccionTrigoBuenosAires,0.7072277599988144,0.0
5,SuperficieSembradaTrigoSantaFe,13,ProduccionTrigoCordoba,0.5882283735503753,2.4827670105289653e-284
5,SuperficieSembradaTrigoSantaFe,14,RendimientoTrigoSantaFe,0.3323297225800907,8.378372143057161e-80
5,SuperficieSembradaTrigoSantaFe,15,RendimientoTrigoBuenosAires,-0.45987912379404433,5.1908103699571995e-160
5,SuperficieSembradaTrigoSantaFe,16,RendimientoTrigoCordoba,-0.5773631530119805,1.377525654219792e-271
5,SuperficieSembradaTrigoSantaFe,17,PromedioIncendiosMensualesSantaFe,-0.3663914482065099,7.465639882818653e-98
5,SuperficieSembradaTrigoSantaFe,18,PromedioIncendiosMensualesBuenosAires,-0.5393952574254153,1.3014748957635303e-230
5,SuperficieSembradaTrigoSantaFe,19,PromedioIncendioMensualesCordoba,-0.27161557172769407,6.807390585800497e-53
5,SuperficieSembradaTrigoSantaFe,20,VariacionTrigoDiaAnterior,-0.18284559114206228,2.0563619747822384e-24
5,SuperficieSembradaTrigoSantaFe,21,VariacionTrigoTresDia,-0.010029867799750703,0.5791599870871188
5,SuperficieSembradaTrigoSantaFe,22,VariacionTrigoSieteDias,0.002122546891773475,0.9065703010678242
5,SuperficieSembradaTrigoSantaFe,23,LluviaAcumuladaSieteDiasSantaFe,-0.007944853846387535,0.6604333291234433
5,SuperficieSembradaTrigoSantaFe,24,LluviaDiariaAcumuladaSieteDiasBuenosAires,0.013623444228871287,0.4512463788064144
5,SuperficieSembradaTrigoSantaFe,25,LluviaDiariaAcumuladaSieteDiasCordoba,0.03104103840074601,0.0860125181944909
5,SuperficieSembradaTrigoSantaFe,26,LluviaDiariaAcumuladaSieteDiasSantaFe,nan,1.0
5,SuperficieSembradaTrigoSantaFe,27,LluviaDiariaAcumuladaSieteDiasBuenosAires.1,0.013623444228871287,0.4512463788064144
5,SuperficieSembradaTrigoSantaFe,28,LluviaDiariaAcumuladaSieteDiasCordoba.1,0.03104103840074601,0.0860125181944909
5,SuperficieSembradaTrigoSantaFe,29,LluviaDiariaAcumuladaTreintaDiasSantaFe,nan,1.0
5,SuperficieSembradaTrigoSantaFe,30,LluviaDiariaAcumuladaTreintaDiasBuenosAires,0.042740391194890814,0.01805949575436353
5,SuperficieSembradaTrigoSantaFe,31,LluviaDiariaAcumuladaTreintaDiasCordoba,0.04588987370923634,0.011123253821883523
5,SuperficieSembradaTrigoSantaFe,32,LluviaDiariaAcumuladaCuarentaCincoDiasSantaFe,nan,1.0
5,SuperficieSembradaTrigoSantaFe,33,LluviaDiariaAcumuladaCuarentaCincoDiasBuenosAires,0.0637335468810183,0.00041916815262749835
5,SuperficieSembradaTrigoSantaFe,34,LluviaDiariaAcumuladaCuarentaCincoDiasCordoba,0.043578725501752555,0.01591686236413016
5,SuperficieSembradaTrigoSantaFe,35,LluviaDiariaAcumuladaSesentaDiasSantaFe,nan,1.0
5,SuperficieSembradaTrigoSantaFe,36,LluviaDiariaAcumuladaSesentaDiasBuenosAires,0.05974265430900444,0.0009450188175262761
5,SuperficieSembradaTrigoSantaFe,37,LluviaDiariaAcumuladaSesentaDiasCordoba,0.0411856555884466,0.022707893453188424
5,SuperficieSembradaTrigoSantaFe,38,PrecioPromedioTreintaDiasTrigo,nan,1.0
5,SuperficieSembradaTrigoSantaFe,39,PrecioPromedioSesentaDiasTrigo,-0.12156769030825917,1.5084797660204152e-11
5,SuperficieSembradaTrigoSantaFe,40,PrecioPromedioNoventaDiasTrigo,-0.133338614799352,1.301603906215276e-13
5,SuperficieSembradaTrigoSantaFe,41,PrecioRealDiaSiguiente,-0.15626312231613304,3.499769647125646e-18
6,SuperficieSembradaTrigoBuenosAires,8,SuperficieCosechadaTrigoSantaFe,0.22933687854554827,8.297590555576813e-38
6,SuperficieSembradaTrigoBuenosAires,9,SuperficieCosechadaTrigoBuenosAires,0.14717548681074355,2.777519981671005e-16
6,SuperficieSembradaTrigoBuenosAires,10,SuperficieCosechadaTrigoCordoba,0.8831684291152369,0.0
6,SuperficieSembradaTrigoBuenosAires,11,ProduccionTrigoSantaFe,0.20042220387361834,4.2626338206845854e-29
6,SuperficieSembradaTrigoBuenosAires,12,ProduccionTrigoBuenosAires,0.21013730681566556,6.986209037677183e-32
6,SuperficieSembradaTrigoBuenosAires,13,ProduccionTrigoCordoba,-0.16744956847979797,1.1100552232837332e-20
6,SuperficieSembradaTrigoBuenosAires,14,RendimientoTrigoSantaFe,0.32054023899298595,4.5676284107371566e-74
6,SuperficieSembradaTrigoBuenosAires,15,RendimientoTrigoBuenosAires,-0.24148013083056077,7.541181536688652e-42
6,SuperficieSembradaTrigoBuenosAires,16,RendimientoTrigoCordoba,-0.16407161505967077,6.58623989456203e-20
6,SuperficieSembradaTrigoBuenosAires,17,PromedioIncendiosMensualesSantaFe,-0.38596188830633404,2.885422763508895e-109
6,SuperficieSembradaTrigoBuenosAires,18,PromedioIncendiosMensualesBuenosAires,-0.01135600301175928,0.5300388994851257
6,SuperficieSembradaTrigoBuenosAires,19,PromedioIncendioMensualesCordoba,-0.4563482185953171,2.7378733746925208e-157
6,SuperficieSembradaTrigoBuenosAires,20,VariacionTrigoDiaAnterior,-0.33285280029772846,4.599366462747896e-80
6,SuperficieSembradaTrigoBuenosAires,21,VariacionTrigoTresDia,-0.014343720139061392,0.42767761331356147
6,SuperficieSembradaTrigoBuenosAires,22,VariacionTrigoSieteDias,-0.004457230743673475,0.8053243788829192
6,SuperficieSembradaTrigoBuenosAires,23,LluviaAcumuladaSieteDiasSantaFe,-0.0006705322854664137,0.9704237202730344
6,SuperficieSembradaTrigoBuenosAires,24,LluviaDiariaAcumuladaSieteDiasBuenosAires,-0.003188811211080636,0.8600388600040877
6,SuperficieSembradaTrigoBuenosAires,25,LluviaDiariaAcumuladaSieteDiasCordoba,0.023546305089137444,0.19285978570140003
6,SuperficieSembradaTrigoBuenosAires,26,LluviaDiariaAcumuladaSieteDiasSantaFe,nan,1.0
6,SuperficieSembradaTrigoBuenosAires,27,LluviaDiariaAcumuladaSieteDiasBuenosAires.1,-0.003188811211080636,0.8600388600040877
6,SuperficieSembradaTrigoBuenosAires,28,LluviaDiariaAcumuladaSieteDiasCordoba.1,0.023546305089137444,0.19285978570140003
6,SuperficieSembradaTrigoBuenosAires,29,LluviaDiariaAcumuladaTreintaDiasSantaFe,nan,1.0
6,SuperficieSembradaTrigoBuenosAires,30,LluviaDiariaAcumuladaTreintaDiasBuenosAires,-0.01570161665116889,0.38524699944061025
6,SuperficieSembradaTrigoBuenosAires,31,LluviaDiariaAcumuladaTreintaDiasCordoba,0.012741283065671868,0.48108809352733395
6,SuperficieSembradaTrigoBuenosAires,32,LluviaDiariaAcumuladaCuarentaCincoDiasSantaFe,nan,1.0
6,SuperficieSembradaTrigoBuenosAires,33,LluviaDiariaAcumuladaCuarentaCincoDiasBuenosAires,0.004384449980835038,0.8084409007219474
6,SuperficieSembradaTrigoBuenosAires,34,LluviaDiariaAcumuladaCuarentaCincoDiasCordoba,0.019463584281749952,0.28177775821719037
6,SuperficieSembradaTrigoBuenosAires,35,LluviaDiariaAcumuladaSesentaDiasSantaFe,nan,1.0
6,SuperficieSembradaTrigoBuenosAires,36,LluviaDiariaAcumuladaSesentaDiasBuenosAires,0.005887277212681702,0.7447740444759393
6,SuperficieSembradaTrigoBuenosAires,37,LluviaDiariaAcumuladaSesentaDiasCordoba,0.013250249914457266,0.4637412408460282
6,SuperficieSembradaTrigoBuenosAires,38,PrecioPromedioTreintaDiasTrigo,nan,1.0
6,SuperficieSembradaTrigoBuenosAires,39,PrecioPromedioSesentaDiasTrigo,-0.06548432995313624,0.0002891570801570464
6,SuperficieSembradaTrigoBuenosAires,40,PrecioPromedioNoventaDiasTrigo,-0.08506594890407113,2.4501317333188726e-06
6,SuperficieSembradaTrigoBuenosAires,41,PrecioRealDiaSiguiente,-0.09908966213355654,3.959432486358789e-08
7,SuperficieSembradaTrigoCordoba,9,SuperficieCosechadaTrigoBuenosAires,0.6547614176330396,0.0
7,SuperficieSembradaTrigoCordoba,10,SuperficieCosechadaTrigoCordoba,0.5090056786132984,2.1199534109315096e-201
7,SuperficieSembradaTrigoCordoba,11,ProduccionTrigoSantaFe,0.9870675792665121,0.0
7,SuperficieSembradaTrigoCordoba,12,ProduccionTrigoBuenosAires,0.38686569155778927,8.202906704571902e-110
7,SuperficieSembradaTrigoCordoba,13,ProduccionTrigoCordoba,0.5159707430487823,7.782705085527041e-208
7,SuperficieSembradaTrigoCordoba,14,RendimientoTrigoSantaFe,0.3595979866605887,4.5004203435318967e-94
7,SuperficieSembradaTrigoCordoba,15,RendimientoTrigoBuenosAires,-0.18504644827540395,5.643049270966062e-25
7,SuperficieSembradaTrigoCordoba,16,RendimientoTrigoCordoba,-0.5544995787525275,2.791130813906742e-246
7,SuperficieSembradaTrigoCordoba,17,PromedioIncendiosMensualesSantaFe,-0.11095581116673597,7.542168091989625e-10
7,SuperficieSembradaTrigoCordoba,18,PromedioIncendiosMensualesBuenosAires,-0.544213216580628,1.5965044660238865e-235
7,SuperficieSembradaTrigoCordoba,19,PromedioIncendioMensualesCordoba,-0.2960415903258305,6.026845139645017e-63
7,SuperficieSembradaTrigoCordoba,20,VariacionTrigoDiaAnterior,0.014731259597023545,0.4152988647964495
7,SuperficieSembradaTrigoCordoba,21,VariacionTrigoTresDia,-0.0037515348681762466,0.8356657811531014
7,SuperficieSembradaTrigoCordoba,22,VariacionTrigoSieteDias,0.00641993360586962,0.7225957795373902
7,SuperficieSembradaTrigoCordoba,23,LluviaAcumuladaSieteDiasSantaFe,0.0024166203098893863,0.8936980017236893
7,SuperficieSembradaTrigoCordoba,24,LluviaDiariaAcumuladaSieteDiasBuenosAires,0.03595779935430224,0.04671029331641735
7,SuperficieSembradaTrigoCordoba,25,LluviaDiariaAcumuladaSieteDiasCordoba,0.034760171696745716,0.05452614972062261
7,SuperficieSembradaTrigoCordoba,26,LluviaDiariaAcumuladaSieteDiasSantaFe,nan,1.0
7,SuperficieSembradaTrigoCordoba,27,LluviaDiariaAcumuladaSieteDiasBuenosAires.1,0.03595779935430224,0.04671029331641735
7,SuperficieSembradaTrigoCordoba,28,LluviaDiariaAcumuladaSieteDiasCordoba.1,0.034760171696745716,0.05452614972062261
7,SuperficieSembradaTrigoCordoba,29,LluviaDiariaAcumuladaTreintaDiasSantaFe,nan,1.0
7,SuperficieSembradaTrigoCordoba,30,LluviaDiariaAcumuladaTreintaDiasBuenosAires,0.05998265645281946,0.000901109500829777
7,SuperficieSembradaTrigoCordoba,31,LluviaDiariaAcumuladaTreintaDiasCordoba,0.04451418782574407,0.013792685756987859
7,SuperficieSembradaTrigoCordoba,32,LluviaDiariaAcumuladaCuarentaCincoDiasSantaFe,nan,1.0
7,SuperficieSembradaTrigoCordoba,33,LluviaDiariaAcumuladaCuarentaCincoDiasBuenosAires,0.06511365940857389,0.0003130397209735439
7,SuperficieSembradaTrigoCordoba,34,LluviaDiariaAcumuladaCuarentaCincoDiasCordoba,0.03598577231096473,0.04653963591039952
7,SuperficieSembradaTrigoCordoba,35,LluviaDiariaAcumuladaSesentaDiasSantaFe,nan,1.0
7,SuperficieSembradaTrigoCordoba,36,LluviaDiariaAcumuladaSesentaDiasBuenosAires,0.07003715496623297,0.00010556008113712318
7,SuperficieSembradaTrigoCordoba,37,LluviaDiariaAcumuladaSesentaDiasCordoba,0.04132453662770476,0.022254088454366983
7,SuperficieSembradaTrigoCordoba,38,PrecioPromedioTreintaDiasTrigo,nan,1.0
7,SuperficieSembradaTrigoCordoba,39,PrecioPromedioSesentaDiasTrigo,-0.08516634658949371,2.3838760366590573e-06
7,SuperficieSembradaTrigoCordoba,40,PrecioPromedioNoventaDiasTrigo,-0.09567359246120945,1.1428632165286743e-07
7,SuperficieSembradaTrigoCordoba,41,PrecioRealDiaSiguiente,-0.1163089658090418,1.0952931517938426e-10
8,SuperficieCosechadaTrigoSantaFe,10,SuperficieCosechadaTrigoCordoba,0.3993181081811282,1.6251067465734755e-117
8,SuperficieCosechadaTrigoSantaFe,11,ProduccionTrigoSantaFe,0.6407815383850244,0.0
8,SuperficieCosechadaTrigoSantaFe,12,ProduccionTrigoBuenosAires,0.6741501763948302,0.0
8,SuperficieCosechadaTrigoSantaFe,13,ProduccionTrigoCordoba,0.5822392876608997,3.0146686212800194e-277
8,SuperficieCosechadaTrigoSantaFe,14,RendimientoTrigoSantaFe,0.24018830686398085,2.0814602347759242e-41
8,SuperficieCosechadaTrigoSantaFe,15,RendimientoTrigoBuenosAires,-0.4584299792790587,6.860321748473501e-159
8,SuperficieCosechadaTrigoSantaFe,16,RendimientoTrigoCordoba,-0.5557024398635271,1.4558998905275576e-247
8,SuperficieCosechadaTrigoSantaFe,17,PromedioIncendiosMensualesSantaFe,-0.3585368631309172,1.7196591308665798e-93
8,SuperficieCosechadaTrigoSantaFe,18,PromedioIncendiosMensualesBuenosAires,-0.45246878073085733,2.463444684645253e-154
8,SuperficieCosechadaTrigoSantaFe,19,PromedioIncendioMensualesCordoba,-0.20168905370637602,1.881326655832503e-29
8,SuperficieCosechadaTrigoSantaFe,20,VariacionTrigoDiaAnterior,-0.1341889120945947,9.078317269689362e-14
8,SuperficieCosechadaTrigoSantaFe,21,VariacionTrigoTresDia,-0.007974311210829737,0.659253624334474
8,SuperficieCosechadaTrigoSantaFe,22,VariacionTrigoSieteDias,0.003439462918659656,0.8491645454390008
8,SuperficieCosechadaTrigoSantaFe,23,LluviaAcumuladaSieteDiasSantaFe,-0.007903772211176573,0.6620799701213294
8,SuperficieCosechadaTrigoSantaFe,24,LluviaDiariaAcumuladaSieteDiasBuenosAires,0.005762019492005378,0.7500210670308493
8,SuperficieCosechadaTrigoSantaFe,25,LluviaDiariaAcumuladaSieteDiasCordoba,0.033364035450588705,0.06498418327802132
8,SuperficieCosechadaTrigoSantaFe,26,LluviaDiariaAcumuladaSieteDiasSantaFe,nan,1.0
8,SuperficieCosechadaTrigoSantaFe,27,LluviaDiariaAcumuladaSieteDiasBuenosAires.1,0.005762019492005378,0.7500210670308493
8,SuperficieCosechadaTrigoSantaFe,28,LluviaDiariaAcumuladaSieteDiasCordoba.1,0.033364035450588705,0.06498418327802132
8,SuperficieCosechadaTrigoSantaFe,29,LluviaDiariaAcumuladaTreintaDiasSantaFe,nan,1.0
8,SuperficieCosechadaTrigoSantaFe,30,LluviaDiariaAcumuladaTreintaDiasBuenosAires,0.02964671603738909,0.1010747073361913
8,SuperficieCosechadaTrigoSantaFe,31,LluviaDiariaAcumuladaTreintaDiasCordoba,0.04655512498391664,0.010005285253210592
8,SuperficieCosechadaTrigoSantaFe,32,LluviaDiariaAcumuladaCuarentaCincoDiasSantaFe,nan,1.0
8,SuperficieCosechadaTrigoSantaFe,33,LluviaDiariaAcumuladaCuarentaCincoDiasBuenosAires,0.04716981671591033,0.009062381242496923
8,SuperficieCosechadaTrigoSantaFe,34,LluviaDiariaAcumuladaCuarentaCincoDiasCordoba,0.043243146868275746,0.016746146520501392
8,SuperficieCosechadaTrigoSantaFe,35,LluviaDiariaAcumuladaSesentaDiasSantaFe,nan,1.0
8,SuperficieCosechadaTrigoSantaFe,36,LluviaDiariaAcumuladaSesentaDiasBuenosAires,0.0402710787228213,0.02590189682273737
8,SuperficieCosechadaTrigoSantaFe,37,LluviaDiariaAcumuladaSesentaDiasCordoba,0.03983402423548285,0.02756068364385815
8,SuperficieCosechadaTrigoSantaFe,38,PrecioPromedioTreintaDiasTrigo,nan,1.0
8,SuperficieCosechadaTrigoSantaFe,39,PrecioPromedioSesentaDiasTrigo,-0.175348383428602,1.4903558071773546e-22
8,SuperficieCosechadaTrigoSantaFe,40,PrecioPromedioNoventaDiasTrigo,-0.18451391197348713,7.7276524230882075e-25
8,SuperficieCosechadaTrigoSantaFe,41,PrecioRealDiaSiguiente,-0.20295733384885128,8.249951664137066e-30
9,SuperficieCosechadaTrigoBuenosAires,11,ProduccionTrigoSantaFe,0.4914540192818386,7.864366123849248e-186
9,SuperficieCosechadaTrigoBuenosAires,12,ProduccionTrigoBuenosAires,0.40122924417090483,9.97793551458593e-119
9,SuperficieCosechadaTrigoBuenosAires,13,ProduccionTrigoCordoba,-0.104838981160179,6.134051395016597e-09
9,SuperficieCosechadaTrigoBuenosAires,14,RendimientoTrigoSantaFe,0.2565321595758721,3.502545229854281e-47
9,SuperficieCosechadaTrigoBuenosAires,15,RendimientoTrigoBuenosAires,-0.3169788904584563,2.2013007124019035e-72
9,SuperficieCosechadaTrigoBuenosAires,16,RendimientoTrigoCordoba,-0.29128946620605967,6.53687373134934e-61
9,SuperficieCosechadaTrigoBuenosAires,17,PromedioIncendiosMensualesSantaFe,-0.47212351400564956,1.0551330391385482e-169
9,SuperficieCosechadaTrigoBuenosAires,18,PromedioIncendiosMensualesBuenosAires,-0.1007714367794909,2.3189473466795664e-08
9,SuperficieCosechadaTrigoBuenosAires,19,PromedioIncendioMensualesCordoba,-0.5358231995961478,5.064176793023225e-227
9,SuperficieCosechadaTrigoBuenosAires,20,VariacionTrigoDiaAnterior,-0.07974958954311306,1.0019007275597646e-05
9,SuperficieCosechadaTrigoBuenosAires,21,VariacionTrigoTresDia,-0.016499985843761174,0.3615459246863032
9,SuperficieCosechadaTrigoBuenosAires,22,VariacionTrigoSieteDias,-0.0031008565168378637,0.863861108010741
9,SuperficieCosechadaTrigoBuenosAires,23,LluviaAcumuladaSieteDiasSantaFe,0.00047487878829320537,0.9790513429157416
9,SuperficieCosechadaTrigoBuenosAires,24,LluviaDiariaAcumuladaSieteDiasBuenosAires,0.0018570230342043834,0.9182141249267565
9,SuperficieCosechadaTrigoBuenosAires,25,LluviaDiariaAcumuladaSieteDiasCordoba,0.036962291092236664,0.040902585344177116
9,SuperficieCosechadaTrigoBuenosAires,26,LluviaDiariaAcumuladaSieteDiasSantaFe,nan,1.0
9,SuperficieCosechadaTrigoBuenosAires,27,LluviaDiariaAcumuladaSieteDiasBuenosAires.1,0.0018570230342043834,0.9182141249267565
9,SuperficieCosechadaTrigoBuenosAires,28,LluviaDiariaAcumuladaSieteDiasCordoba.1,0.036962291092236664,0.040902585344177116
9,SuperficieCosechadaTrigoBuenosAires,29,LluviaDiariaAcumuladaTreintaDiasSantaFe,nan,1.0
9,SuperficieCosechadaTrigoBuenosAires,30,LluviaDiariaAcumuladaTreintaDiasBuenosAires,-0.0075154126902063105,0.6777260737854633
9,SuperficieCosechadaTrigoBuenosAires,31,LluviaDiariaAcumuladaTreintaDiasCordoba,0.02262728918914498,0.21081462055162958
9,SuperficieCosechadaTrigoBuenosAires,32,LluviaDiariaAcumuladaCuarentaCincoDiasSantaFe,nan,1.0
9,SuperficieCosechadaTrigoBuenosAires,33,LluviaDiariaAcumuladaCuarentaCincoDiasBuenosAires,0.00498156200530093,0.7829662988545449
9,SuperficieCosechadaTrigoBuenosAires,34,LluviaDiariaAcumuladaCuarentaCincoDiasCordoba,0.024006448612616305,0.18430371861701655
9,SuperficieCosechadaTrigoBuenosAires,35,LluviaDiariaAcumuladaSesentaDiasSantaFe,nan,1.0
9,SuperficieCosechadaTrigoBuenosAires,36,LluviaDiariaAcumuladaSesentaDiasBuenosAires,0.009159889627550327,0.6125031219937092
9,SuperficieCosechadaTrigoBuenosAires,37,LluviaDiariaAcumuladaSesentaDiasCordoba,0.02100347984821242,0.24543516329241483
9,SuperficieCosechadaTrigoBuenosAires,38,PrecioPromedioTreintaDiasTrigo,nan,1.0
9,SuperficieCosechadaTrigoBuenosAires,39,PrecioPromedioSesentaDiasTrigo,-0.16003790699484116,5.257122479560969e-19
9,SuperficieCosechadaTrigoBuenosAires,40,PrecioPromedioNoventaDiasTrigo,-0.18371492562659175,1.2362845117669842e-24
9,SuperficieCosechadaTrigoBuenosAires,41,PrecioRealDiaSiguiente,-0.2042370033294372,3.57098350774822e-30
10,SuperficieCosechadaTrigoCordoba,12,ProduccionTrigoBuenosAires,0.31967669553097694,1.1745834865743143e-73
10,SuperficieCosechadaTrigoCordoba,13,ProduccionTrigoCordoba,0.5217061702076518,3.009489450107687e-213
10,SuperficieCosechadaTrigoCordoba,14,RendimientoTrigoSantaFe,0.308231553189604,2.397373616213742e-68
10,SuperficieCosechadaTrigoCordoba,15,RendimientoTrigoBuenosAires,-0.12102783990876569,1.8563462712775327e-11
10,SuperficieCosechadaTrigoCordoba,16,RendimientoTrigoCordoba,-0.5085910243797244,5.066884466506102e-201
10,SuperficieCosechadaTrigoCordoba,17,PromedioIncendiosMensualesSantaFe,-0.11702952418413931,8.390273255082574e-11
10,SuperficieCosechadaTrigoCordoba,18,PromedioIncendiosMensualesBuenosAires,-0.5069809703306922,1.4761591387485908e-199
10,SuperficieCosechadaTrigoCordoba,19,PromedioIncendioMensualesCordoba,-0.2632396510832944,1.1232785198543702e-49
10,SuperficieCosechadaTrigoCordoba,20,VariacionTrigoDiaAnterior,0.03604274020183005,0.04619370779091275
10,SuperficieCosechadaTrigoCordoba,21,VariacionTrigoTresDia,0.00010622284816902629,0.9953136066052954
10,SuperficieCosechadaTrigoCordoba,22,VariacionTrigoSieteDias,0.008268208281751111,0.6475304419360219
10,SuperficieCosechadaTrigoCordoba,23,LluviaAcumuladaSieteDiasSantaFe,0.004188929119856784,0.8168281612849901
10,SuperficieCosechadaTrigoCordoba,24,LluviaDiariaAcumuladaSieteDiasBuenosAires,0.026141908170544754,0.14824589457852716
10,SuperficieCosechadaTrigoCordoba,25,LluviaDiariaAcumuladaSieteDiasCordoba,0.03693998832686318,0.041024565630270265
10,SuperficieCosechadaTrigoCordoba,26,LluviaDiariaAcumuladaSieteDiasSantaFe,nan,1.0
10,SuperficieCosechadaTrigoCordoba,27,LluviaDiariaAcumuladaSieteDiasBuenosAires.1,0.026141908170544754,0.14824589457852716
10,SuperficieCosechadaTrigoCordoba,28,LluviaDiariaAcumuladaSieteDiasCordoba.1,0.03693998832686318,0.041024565630270265
10,SuperficieCosechadaTrigoCordoba,29,LluviaDiariaAcumuladaTreintaDiasSantaFe,nan,1.0
10,SuperficieCosechadaTrigoCordoba,30,LluviaDiariaAcumuladaTreintaDiasBuenosAires,0.041045873446512185,0.02317273724889958
10,SuperficieCosechadaTrigoCordoba,31,LluviaDiariaAcumuladaTreintaDiasCordoba,0.045561903804320306,0.01171418943223214
10,SuperficieCosechadaTrigoCordoba,32,LluviaDiariaAcumuladaCuarentaCincoDiasSantaFe,nan,1.0
10,SuperficieCosechadaTrigoCordoba,33,LluviaDiariaAcumuladaCuarentaCincoDiasBuenosAires,0.041477267251283735,0.021764149242855104
10,SuperficieCosechadaTrigoCordoba,34,LluviaDiariaAcumuladaCuarentaCincoDiasCordoba,0.036141594702408145,0.04559856612983833
10,SuperficieCosechadaTrigoCordoba,35,LluviaDiariaAcumuladaSesentaDiasSantaFe,nan,1.0
10,SuperficieCosechadaTrigoCordoba,36,LluviaDiariaAcumuladaSesentaDiasBuenosAires,0.04409607433514466,0.01470905792435722
10,SuperficieCosechadaTrigoCordoba,37,LluviaDiariaAcumuladaSesentaDiasCordoba,0.04189632055383991,0.020467772226970736
10,SuperficieCosechadaTrigoCordoba,38,PrecioPromedioTreintaDiasTrigo,nan,1.0
10,SuperficieCosechadaTrigoCordoba,39,PrecioPromedioSesentaDiasTrigo,-0.15066030634702007,5.357163503047345e-17
10,SuperficieCosechadaTrigoCordoba,40,PrecioPromedioNoventaDiasTrigo,-0.160638568221453,3.871505211188082e-19
10,SuperficieCosechadaTrigoCordoba,41,PrecioRealDiaSiguiente,-0.17845478277442228,2.5847887698701437e-23
11,ProduccionTrigoSantaFe,13,ProduccionTrigoCordoba,0.22332510718100154,6.838672474512708e-36
11,ProduccionTrigoSantaFe,14,RendimientoTrigoSantaFe,0.6167921013105592,2.967e-320
11,ProduccionTrigoSantaFe,15,RendimientoTrigoBuenosAires,-0.5938203968369409,4.4164650047837414e-291
11,ProduccionTrigoSantaFe,16,RendimientoTrigoCordoba,-0.3844921035577243,2.2123374955256128e-108
11,ProduccionTrigoSantaFe,17,PromedioIncendiosMensualesSantaFe,-0.4529601441084709,1.045901680437112e-154
11,ProduccionTrigoSantaFe,18,PromedioIncendiosMensualesBuenosAires,-0.4791566588272093,1.8840155091009635e-175
11,ProduccionTrigoSantaFe,19,PromedioIncendioMensualesCordoba,-0.20117671778784707,2.6206370692254335e-29
11,ProduccionTrigoSantaFe,20,VariacionTrigoDiaAnterior,-0.012093361425282338,0.5036723030557917
11,ProduccionTrigoSantaFe,21,VariacionTrigoTresDia,-0.027473734150527975,0.1286523501714993
11,ProduccionTrigoSantaFe,22,VariacionTrigoSieteDias,-0.013689155487128716,0.4490661940348998
11,ProduccionTrigoSantaFe,23,LluviaAcumuladaSieteDiasSantaFe,-0.01793199632482094,0.3213812382349791
11,ProduccionTrigoSantaFe,24,LluviaDiariaAcumuladaSieteDiasBuenosAires,-0.01551927468096923,0.3907904380869366
11,ProduccionTrigoSantaFe,25,LluviaDiariaAcumuladaSieteDiasCordoba,-0.008371595335208318,0.6434269615432737
11,ProduccionTrigoSantaFe,26,LluviaDiariaAcumuladaSieteDiasSantaFe,nan,1.0
11,ProduccionTrigoSantaFe,27,LluviaDiariaAcumuladaSieteDiasBuenosAires.1,-0.01551927468096923,0.3907904380869366
11,ProduccionTrigoSantaFe,28,LluviaDiariaAcumuladaSieteDiasCordoba.1,-0.008371595335208318,0.6434269615432737
11,ProduccionTrigoSantaFe,29,LluviaDiariaAcumuladaTreintaDiasSantaFe,nan,1.0
11,ProduccionTrigoSantaFe,30,LluviaDiariaAcumuladaTreintaDiasBuenosAires,-0.006724520212749618,0.7100162241005885
11,ProduccionTrigoSantaFe,31,LluviaDiariaAcumuladaTreintaDiasCordoba,-0.013386967877015914,0.4591415917915602
11,ProduccionTrigoSantaFe,32,LluviaDiariaAcumuladaCuarentaCincoDiasSantaFe,nan,1.0
11,ProduccionTrigoSantaFe,33,LluviaDiariaAcumuladaCuarentaCincoDiasBuenosAires,-0.00041920775927351483,0.9815067287974629
11,ProduccionTrigoSantaFe,34,LluviaDiariaAcumuladaCuarentaCincoDiasCordoba,-0.02275887346949399,0.2081722070193208
11,ProduccionTrigoSantaFe,35,LluviaDiariaAcumuladaSesentaDiasSantaFe,nan,1.0
11,ProduccionTrigoSantaFe,36,LluviaDiariaAcumuladaSesentaDiasBuenosAires,-0.002466422055321677,0.8915207333388837
11,ProduccionTrigoSantaFe,37,LluviaDiariaAcumuladaSesentaDiasCordoba,-0.04059932591376875,0.024713484030584664
11,ProduccionTrigoSantaFe,38,PrecioPromedioTreintaDiasTrigo,nan,1.0
11,ProduccionTrigoSantaFe,39,PrecioPromedioSesentaDiasTrigo,0.0459472906134267,0.011022567294542946
11,ProduccionTrigoSantaFe,40,PrecioPromedioNoventaDiasTrigo,0.04451233671004964,0.01379662916099479
11,ProduccionTrigoSantaFe,41,PrecioRealDiaSiguiente,0.02880549477642628,0.11113310187408451
12,ProduccionTrigoBuenosAires,14,RendimientoTrigoSantaFe,0.20905934169367477,1.4464233569730612e-31
12,ProduccionTrigoBuenosAires,15,RendimientoTrigoBuenosAires,-0.3363438680742512,8.152305408773742e-82
12,ProduccionTrigoBuenosAires,16,RendimientoTrigoCordoba,-0.5714592908136931,7.333276981054941e-265
12,ProduccionTrigoBuenosAires,17,PromedioIncendiosMensualesSantaFe,0.003381606696257174,0.8516721225503469
12,ProduccionTrigoBuenosAires,18,PromedioIncendiosMensualesBuenosAires,-0.5351230375184147,2.5302024715511433e-226
12,ProduccionTrigoBuenosAires,19,PromedioIncendioMensualesCordoba,0.22105510784130394,3.4992988698729056e-35
12,ProduccionTrigoBuenosAires,20,VariacionTrigoDiaAnterior,-0.16725680892132946,1.2300149838436387e-20
12,ProduccionTrigoBuenosAires,21,VariacionTrigoTresDia,-0.01823475356046677,0.31327762165890244
12,ProduccionTrigoBuenosAires,22,VariacionTrigoSieteDias,-0.009571106690005623,0.5966367073584212
12,ProduccionTrigoBuenosAires,23,LluviaAcumuladaSieteDiasSantaFe,-0.016945727998806934,0.3487196498059537
12,ProduccionTrigoBuenosAires,24,LluviaDiariaAcumuladaSieteDiasBuenosAires,0.006647688933930745,0.7131821063326497
12,ProduccionTrigoBuenosAires,25,LluviaDiariaAcumuladaSieteDiasCordoba,-0.0020537792510631507,0.9095840951171985
12,ProduccionTrigoBuenosAires,26,LluviaDiariaAcumuladaSieteDiasSantaFe,nan,1.0
12,ProduccionTrigoBuenosAires,27,LluviaDiariaAcumuladaSieteDiasBuenosAires.1,0.006647688933930745,0.7131821063326497
12,ProduccionTrigoBuenosAires,28,LluviaDiariaAcumuladaSieteDiasCordoba.1,-0.0020537792510631507,0.9095840951171985
12,ProduccionTrigoBuenosAires,29,LluviaDiariaAcumuladaTreintaDiasSantaFe,nan,1.0
12,ProduccionTrigoBuenosAires,30,LluviaDiariaAcumuladaTreintaDiasBuenosAires,0.04594907432529543,0.011019452374102536
12,ProduccionTrigoBuenosAires,31,LluviaDiariaAcumuladaTreintaDiasCordoba,0.010439735449754609,0.5637520711352603
12,ProduccionTrigoBuenosAires,32,LluviaDiariaAcumuladaCuarentaCincoDiasSantaFe,nan,1.0
12,ProduccionTrigoBuenosAires,33,LluviaDiariaAcumuladaCuarentaCincoDiasBuenosAires,0.0651904676334711,0.0003079442116452408
12,ProduccionTrigoBuenosAires,34,LluviaDiariaAcumuladaCuarentaCincoDiasCordoba,0.01079168802992355,0.5506808782213204
12,ProduccionTrigoBuenosAires,35,LluviaDiariaAcumuladaSesentaDiasSantaFe,nan,1.0
12,ProduccionTrigoBuenosAires,36,LluviaDiariaAcumuladaSesentaDiasBuenosAires,0.0694965963827963,0.00011935688028694207
12,ProduccionTrigoBuenosAires,37,LluviaDiariaAcumuladaSesentaDiasCordoba,0.01215166437717798,0.5016174217926286
12,ProduccionTrigoBuenosAires,38,PrecioPromedioTreintaDiasTrigo,nan,1.0
12,ProduccionTrigoBuenosAires,39,PrecioPromedioSesentaDiasTrigo,-0.16931547381934922,4.085069857987771e-21
12,ProduccionTrigoBuenosAires,40,PrecioPromedioNoventaDiasTrigo,-0.1771751545129864,5.339999394443197e-23
12,ProduccionTrigoBuenosAires,41,PrecioRealDiaSiguiente,-0.20136451699637448,2.3210764013033188e-29
13,ProduccionTrigoCordoba,15,RendimientoTrigoBuenosAires,-0.07916294680431682,1.1642877353738103e-05
13,ProduccionTrigoCordoba,16,RendimientoTrigoCordoba,-0.25031847099384946,6.163224016270408e-45
13,ProduccionTrigoCordoba,17,PromedioIncendiosMensualesSantaFe,-0.04600544151613193,0.010921419395678696
13,ProduccionTrigoCordoba,18,PromedioIncendiosMensualesBuenosAires,-0.5973832740916745,1.882881847790076e-295
13,ProduccionTrigoCordoba,19,PromedioIncendioMensualesCordoba,-0.16707287559669123,1.3563945894023064e-20
13,ProduccionTrigoCordoba,20,VariacionTrigoDiaAnterior,-0.3317573260911736,1.612857596026097e-79
13,ProduccionTrigoCordoba,21,VariacionTrigoTresDia,-0.018889813798387313,0.29620828013357664
13,ProduccionTrigoCordoba,22,VariacionTrigoSieteDias,-0.01952782164386113,0.2801923553616329
13,ProduccionTrigoCordoba,23,LluviaAcumuladaSieteDiasSantaFe,-0.02714623184013075,0.13327321122162816
13,ProduccionTrigoCordoba,24,LluviaDiariaAcumuladaSieteDiasBuenosAires,-0.0037543594592675234,0.8355438169903119
13,ProduccionTrigoCordoba,25,LluviaDiariaAcumuladaSieteDiasCordoba,-0.01887037160222431,0.29670576547205557
13,ProduccionTrigoCordoba,26,LluviaDiariaAcumuladaSieteDiasSantaFe,nan,1.0
13,ProduccionTrigoCordoba,27,LluviaDiariaAcumuladaSieteDiasBuenosAires.1,-0.0037543594592675234,0.8355438169903119
13,ProduccionTrigoCordoba,28,LluviaDiariaAcumuladaSieteDiasCordoba.1,-0.01887037160222431,0.29670576547205557
13,ProduccionTrigoCordoba,29,LluviaDiariaAcumuladaTreintaDiasSantaFe,nan,1.0
13,ProduccionTrigoCordoba,30,LluviaDiariaAcumuladaTreintaDiasBuenosAires,-0.017725052174009735,0.32699834661563953
13,ProduccionTrigoCordoba,31,LluviaDiariaAcumuladaTreintaDiasCordoba,-0.0198180096357646,0.27310597853681795
13,ProduccionTrigoCordoba,32,LluviaDiariaAcumuladaCuarentaCincoDiasSantaFe,nan,1.0
13,ProduccionTrigoCordoba,33,LluviaDiariaAcumuladaCuarentaCincoDiasBuenosAires,-0.02338688995140053,0.19589102367381792
13,ProduccionTrigoCordoba,34,LluviaDiariaAcumuladaCuarentaCincoDiasCordoba,-0.034106574730329034,0.05923293250402262
13,ProduccionTrigoCordoba,35,LluviaDiariaAcumuladaSesentaDiasSantaFe,nan,1.0
13,ProduccionTrigoCordoba,36,LluviaDiariaAcumuladaSesentaDiasBuenosAires,-0.033251903602720054,0.0658914425273046
13,ProduccionTrigoCordoba,37,LluviaDiariaAcumuladaSesentaDiasCordoba,-0.05352931517448489,0.0030563861070039317
13,ProduccionTrigoCordoba,38,PrecioPromedioTreintaDiasTrigo,nan,1.0
13,ProduccionTrigoCordoba,39,PrecioPromedioSesentaDiasTrigo,0.2865222071391568,6.579766508865119e-59
13,ProduccionTrigoCordoba,40,PrecioPromedioNoventaDiasTrigo,0.2998833398540829,1.2769171379260922e-64
13,ProduccionTrigoCordoba,41,PrecioRealDiaSiguiente,0.2886701722062998,8.329180155650877e-60
14,RendimientoTrigoSantaFe,16,RendimientoTrigoCordoba,0.4294912897897138,1.3279002407964188e-137
14,RendimientoTrigoSantaFe,17,PromedioIncendiosMensualesSantaFe,0.4589577179405105,2.6834553575751166e-159
14,RendimientoTrigoSantaFe,18,PromedioIncendiosMensualesBuenosAires,-0.027044367766725738,0.13473632885454775
14,RendimientoTrigoSantaFe,19,PromedioIncendioMensualesCordoba,-0.12437183023419278,5.0587147315217895e-12
14,RendimientoTrigoSantaFe,20,VariacionTrigoDiaAnterior,-0.05061356695206525,0.005103059757781685
14,RendimientoTrigoSantaFe,21,VariacionTrigoTresDia,0.028097696365321077,0.12019407556564021
14,RendimientoTrigoSantaFe,22,VariacionTrigoSieteDias,0.001176697601282589,0.9481221494866355
14,RendimientoTrigoSantaFe,23,LluviaAcumuladaSieteDiasSantaFe,-0.0031626242046816516,0.8611765306011661
14,RendimientoTrigoSantaFe,24,LluviaDiariaAcumuladaSieteDiasBuenosAires,0.03629206957911708,0.04470505436691583
14,RendimientoTrigoSantaFe,25,LluviaDiariaAcumuladaSieteDiasCordoba,0.007206638753260706,0.6902661877909768
14,RendimientoTrigoSantaFe,26,LluviaDiariaAcumuladaSieteDiasSantaFe,nan,1.0
14,RendimientoTrigoSantaFe,27,LluviaDiariaAcumuladaSieteDiasBuenosAires.1,0.03629206957911708,0.04470505436691583
14,RendimientoTrigoSantaFe,28,LluviaDiariaAcumuladaSieteDiasCordoba.1,0.007206638753260706,0.6902661877909768
14,RendimientoTrigoSantaFe,29,LluviaDiariaAcumuladaTreintaDiasSantaFe,nan,1.0
14,RendimientoTrigoSantaFe,30,LluviaDiariaAcumuladaTreintaDiasBuenosAires,0.00663850405130494,0.7135609072465243
14,RendimientoTrigoSantaFe,31,LluviaDiariaAcumuladaTreintaDiasCordoba,0.009218627717149621,0.6102253805997019
14,RendimientoTrigoSantaFe,32,LluviaDiariaAcumuladaCuarentaCincoDiasSantaFe,nan,1.0
14,RendimientoTrigoSantaFe,33,LluviaDiariaAcumuladaCuarentaCincoDiasBuenosAires,-0.019251397455739686,0.2870577780465144
14,RendimientoTrigoSantaFe,34,LluviaDiariaAcumuladaCuarentaCincoDiasCordoba,0.003025630273983121,0.8671327475875499
14,RendimientoTrigoSantaFe,35,LluviaDiariaAcumuladaSesentaDiasSantaFe,nan,1.0
14,RendimientoTrigoSantaFe,36,LluviaDiariaAcumuladaSesentaDiasBuenosAires,-0.028411132558506944,0.11611269278350597
14,RendimientoTrigoSantaFe,37,LluviaDiariaAcumuladaSesentaDiasCordoba,0.018874542584602697,0.29659899167701337
14,RendimientoTrigoSantaFe,38,PrecioPromedioTreintaDiasTrigo,nan,1.0
14,RendimientoTrigoSantaFe,39,PrecioPromedioSesentaDiasTrigo,0.2505660547494347,5.0294984353933485e-45
14,RendimientoTrigoSantaFe,40,PrecioPromedioNoventaDiasTrigo,0.25684855241992505,2.681551151696234e-47
14,RendimientoTrigoSantaFe,41,PrecioRealDiaSiguiente,0.24817153711831197,3.5583852536877655e-44
15,RendimientoTrigoBuenosAires,17,PromedioIncendiosMensualesSantaFe,-0.07044800891645485,9.609523367951651e-05
15,RendimientoTrigoBuenosAires,18,PromedioIncendiosMensualesBuenosAires,0.45307904939967064,8.498964102077714e-155
15,RendimientoTrigoBuenosAires,19,PromedioIncendioMensualesCordoba,0.004202389362071866,0.8162500728175448
15,RendimientoTrigoBuenosAires,20,VariacionTrigoDiaAnterior,0.061168087448433876,0.0007106445747097742
15,RendimientoTrigoBuenosAires,21,VariacionTrigoTresDia,0.011504898114126512,0.5246587510155902
15,RendimientoTrigoBuenosAires,22,VariacionTrigoSieteDias,0.00014816812622140364,0.9934630790942215
15,RendimientoTrigoBuenosAires,23,LluviaAcumuladaSieteDiasSantaFe,0.004428349154602837,0.8065607412566014
15,RendimientoTrigoBuenosAires,24,LluviaDiariaAcumuladaSieteDiasBuenosAires,-0.03352892899060789,0.06366876063537233
15,RendimientoTrigoBuenosAires,25,LluviaDiariaAcumuladaSieteDiasCordoba,0.00373732931849137,0.8362792281617795
15,RendimientoTrigoBuenosAires,26,LluviaDiariaAcumuladaSieteDiasSantaFe,nan,1.0
15,RendimientoTrigoBuenosAires,27,LluviaDiariaAcumuladaSieteDiasBuenosAires.1,-0.03352892899060789,0.06366876063537233
15,RendimientoTrigoBuenosAires,28,LluviaDiariaAcumuladaSieteDiasCordoba.1,0.00373732931849137,0.8362792281617795
15,RendimientoTrigoBuenosAires,29,LluviaDiariaAcumuladaTreintaDiasSantaFe,nan,1.0
15,RendimientoTrigoBuenosAires,30,LluviaDiariaAcumuladaTreintaDiasBuenosAires,-0.10583308436728292,4.397761288925024e-09
15,RendimientoTrigoBuenosAires,31,LluviaDiariaAcumuladaTreintaDiasCordoba,-0.01852904051391518,0.3055306966080381
15,RendimientoTrigoBuenosAires,32,LluviaDiariaAcumuladaCuarentaCincoDiasSantaFe,nan,1.0
15,RendimientoTrigoBuenosAires,33,LluviaDiariaAcumuladaCuarentaCincoDiasBuenosAires,-0.1382208675002558,1.5938112313695312e-14
15,RendimientoTrigoBuenosAires,34,LluviaDiariaAcumuladaCuarentaCincoDiasCordoba,-0.03438033126889124,0.05722202114743711
15,RendimientoTrigoBuenosAires,35,LluviaDiariaAcumuladaSesentaDiasSantaFe,nan,1.0
15,RendimientoTrigoBuenosAires,36,LluviaDiariaAcumuladaSesentaDiasBuenosAires,-0.1482903960260964,1.6475755392348396e-16
15,RendimientoTrigoBuenosAires,37,LluviaDiariaAcumuladaSesentaDiasCordoba,-0.03385020014838205,0.06116897968585296
15,RendimientoTrigoBuenosAires,38,PrecioPromedioTreintaDiasTrigo,nan,1.0
15,RendimientoTrigoBuenosAires,39,PrecioPromedioSesentaDiasTrigo,-0.060968948028260306,0.0007397761557962522
15,RendimientoTrigoBuenosAires,40,PrecioPromedioNoventaDiasTrigo,-0.06390085858615743,0.000404712414327895
15,RendimientoTrigoBuenosAires,41,PrecioRealDiaSiguiente,-0.06548477609012983,0.0002891293918173468
16,RendimientoTrigoCordoba,18,PromedioIncendiosMensualesBuenosAires,-0.05275972443464528,0.003507457238896424
16,RendimientoTrigoCordoba,19,PromedioIncendioMensualesCordoba,0.31025265290017806,2.8779620836638276e-69
16,RendimientoTrigoCordoba,20,VariacionTrigoDiaAnterior,0.30354220288392564,3.0761544808175553e-66
16,RendimientoTrigoCordoba,21,VariacionTrigoTresDia,-0.003715335591826338,0.8372291930430018
16,RendimientoTrigoCordoba,22,VariacionTrigoSieteDias,-0.014473359234476423,0.42351297887909767
16,RendimientoTrigoCordoba,23,LluviaAcumuladaSieteDiasSantaFe,-0.022447537020590047,0.21446338754624591
16,RendimientoTrigoCordoba,24,LluviaDiariaAcumuladaSieteDiasBuenosAires,0.041180855922079936,0.022723719399336265
16,RendimientoTrigoCordoba,25,LluviaDiariaAcumuladaSieteDiasCordoba,0.0008459734505823443,0.9626903008538832
16,RendimientoTrigoCordoba,26,LluviaDiariaAcumuladaSieteDiasSantaFe,nan,1.0
16,RendimientoTrigoCordoba,27,LluviaDiariaAcumuladaSieteDiasBuenosAires.1,0.041180855922079936,0.022723719399336265
16,RendimientoTrigoCordoba,28,LluviaDiariaAcumuladaSieteDiasCordoba.1,0.0008459734505823443,0.9626903008538832
16,RendimientoTrigoCordoba,29,LluviaDiariaAcumuladaTreintaDiasSantaFe,nan,1.0
16,RendimientoTrigoCordoba,30,LluviaDiariaAcumuladaTreintaDiasBuenosAires,0.03784875380436873,0.03629702755495766
16,RendimientoTrigoCordoba,31,LluviaDiariaAcumuladaTreintaDiasCordoba,-0.007434663133938943,0.6809970889374525
16,RendimientoTrigoCordoba,32,LluviaDiariaAcumuladaCuarentaCincoDiasSantaFe,nan,1.0
16,RendimientoTrigoCordoba,33,LluviaDiariaAcumuladaCuarentaCincoDiasBuenosAires,0.024035638542000377,0.1837705795123105
16,RendimientoTrigoCordoba,34,LluviaDiariaAcumuladaCuarentaCincoDiasCordoba,-0.008560452822349157,0.6359591811025358
16,RendimientoTrigoCordoba,35,LluviaDiariaAcumuladaSesentaDiasSantaFe,nan,1.0
16,RendimientoTrigoCordoba,36,LluviaDiariaAcumuladaSesentaDiasBuenosAires,0.020151639574577277,0.26511134419953086
16,RendimientoTrigoCordoba,37,LluviaDiariaAcumuladaSesentaDiasCordoba,-0.0056871490194905176,0.7531629241102294
16,RendimientoTrigoCordoba,38,PrecioPromedioTreintaDiasTrigo,nan,1.0
16,RendimientoTrigoCordoba,39,PrecioPromedioSesentaDiasTrigo,0.07550156821299098,2.9048245188217975e-05
16,RendimientoTrigoCordoba,40,PrecioPromedioNoventaDiasTrigo,0.08679796580015575,1.5203548993281453e-06
16,RendimientoTrigoCordoba,41,PrecioRealDiaSiguiente,0.08456642368074117,2.8069199210516206e-06
17,PromedioIncendiosMensualesSantaFe,19,PromedioIncendioMensualesCordoba,0.27670871336615604,6.603861066377086e-55
17,PromedioIncendiosMensualesSantaFe,20,VariacionTrigoDiaAnterior,0.0751807765976543,3.1410954474051336e-05
17,PromedioIncendiosMensualesSantaFe,21,VariacionTrigoTresDia,0.012288842774918077,0.49680013697708936
17,PromedioIncendiosMensualesSantaFe,22,VariacionTrigoSieteDias,0.01225268280222114,0.4980675676281888
17,PromedioIncendiosMensualesSantaFe,23,LluviaAcumuladaSieteDiasSantaFe,0.014140797316355966,0.43424410449687734
17,PromedioIncendiosMensualesSantaFe,24,LluviaDiariaAcumuladaSieteDiasBuenosAires,-0.04210271306824937,0.019854395852319753
17,PromedioIncendiosMensualesSantaFe,25,LluviaDiariaAcumuladaSieteDiasCordoba,0.009913479645472125,0.5835710524588322
17,PromedioIncendiosMensualesSantaFe,26,LluviaDiariaAcumuladaSieteDiasSantaFe,nan,1.0
17,PromedioIncendiosMensualesSantaFe,27,LluviaDiariaAcumuladaSieteDiasBuenosAires.1,-0.04210271306824937,0.019854395852319753
17,PromedioIncendiosMensualesSantaFe,28,LluviaDiariaAcumuladaSieteDiasCordoba.1,0.009913479645472125,0.5835710524588322
17,PromedioIncendiosMensualesSantaFe,29,LluviaDiariaAcumuladaTreintaDiasSantaFe,nan,1.0
17,PromedioIncendiosMensualesSantaFe,30,LluviaDiariaAcumuladaTreintaDiasBuenosAires,-0.08263735772616307,4.711613930112078e-06
17,PromedioIncendiosMensualesSantaFe,31,LluviaDiariaAcumuladaTreintaDiasCordoba,-0.0072972205424777364,0.6865784184869659
17,PromedioIncendiosMensualesSantaFe,32,LluviaDiariaAcumuladaCuarentaCincoDiasSantaFe,nan,1.0
17,PromedioIncendiosMensualesSantaFe,33,LluviaDiariaAcumuladaCuarentaCincoDiasBuenosAires,-0.09682164775886432,8.035392326463578e-08
17,PromedioIncendiosMensualesSantaFe,34,LluviaDiariaAcumuladaCuarentaCincoDiasCordoba,-0.009871054498849391,0.5851828308858495
17,PromedioIncendiosMensualesSantaFe,35,LluviaDiariaAcumuladaSesentaDiasSantaFe,nan,1.0
17,PromedioIncendiosMensualesSantaFe,36,LluviaDiariaAcumuladaSesentaDiasBuenosAires,-0.1078661933543308,2.205700330465351e-09
17,PromedioIncendiosMensualesSantaFe,37,LluviaDiariaAcumuladaSesentaDiasCordoba,-0.01814269101636287,0.31572742242100327
17,PromedioIncendiosMensualesSantaFe,38,PrecioPromedioTreintaDiasTrigo,nan,1.0
17,PromedioIncendiosMensualesSantaFe,39,PrecioPromedioSesentaDiasTrigo,-0.14044807860295822,5.9623000300741686e-15
17,PromedioIncendiosMensualesSantaFe,40,PrecioPromedioNoventaDiasTrigo,-0.12189130667807786,1.3314550698051791e-11
17,PromedioIncendiosMensualesSantaFe,41,PrecioRealDiaSiguiente,-0.07914165779786488,1.1706290139907603e-05
18,PromedioIncendiosMensualesBuenosAires,20,VariacionTrigoDiaAnterior,0.3487993558168691,2.9857364735290546e-88
18,PromedioIncendiosMensualesBuenosAires,21,VariacionTrigoTresDia,-0.0003244830463934093,0.9856849780445199
18,PromedioIncendiosMensualesBuenosAires,22,VariacionTrigoSieteDias,-0.003617447801907837,0.8414600742406121
18,PromedioIncendiosMensualesBuenosAires,23,LluviaAcumuladaSieteDiasSantaFe,-0.008896777928672661,0.6227517951104738
18,PromedioIncendiosMensualesBuenosAires,24,LluviaDiariaAcumuladaSieteDiasBuenosAires,-0.04096352526635956,0.0234504329432252
18,PromedioIncendiosMensualesBuenosAires,25,LluviaDiariaAcumuladaSieteDiasCordoba,-0.049064679010654116,0.0066345850354433585
18,PromedioIncendiosMensualesBuenosAires,26,LluviaDiariaAcumuladaSieteDiasSantaFe,nan,1.0
18,PromedioIncendiosMensualesBuenosAires,27,LluviaDiariaAcumuladaSieteDiasBuenosAires.1,-0.04096352526635956,0.0234504329432252
18,PromedioIncendiosMensualesBuenosAires,28,LluviaDiariaAcumuladaSieteDiasCordoba.1,-0.049064679010654116,0.0066345850354433585
18,PromedioIncendiosMensualesBuenosAires,29,LluviaDiariaAcumuladaTreintaDiasSantaFe,nan,1.0
18,PromedioIncendiosMensualesBuenosAires,30,LluviaDiariaAcumuladaTreintaDiasBuenosAires,-0.05180780471321961,0.004148804015918355
18,PromedioIncendiosMensualesBuenosAires,31,LluviaDiariaAcumuladaTreintaDiasCordoba,-0.09272842223520304,2.7699756190298064e-07
18,PromedioIncendiosMensualesBuenosAires,32,LluviaDiariaAcumuladaCuarentaCincoDiasSantaFe,nan,1.0
18,PromedioIncendiosMensualesBuenosAires,33,LluviaDiariaAcumuladaCuarentaCincoDiasBuenosAires,-0.06222580376811487,0.000572979004164427
18,PromedioIncendiosMensualesBuenosAires,34,LluviaDiariaAcumuladaCuarentaCincoDiasCordoba,-0.11325071140437216,3.3342720393577937e-10
18,PromedioIncendiosMensualesBuenosAires,35,LluviaDiariaAcumuladaSesentaDiasSantaFe,nan,1.0
18,PromedioIncendiosMensualesBuenosAires,36,LluviaDiariaAcumuladaSesentaDiasBuenosAires,-0.0696393600911709,0.00011555653442842726
18,PromedioIncendiosMensualesBuenosAires,37,LluviaDiariaAcumuladaSesentaDiasCordoba,-0.13094668164331674,3.542444736417358e-13
18,PromedioIncendiosMensualesBuenosAires,38,PrecioPromedioTreintaDiasTrigo,nan,1.0
18,PromedioIncendiosMensualesBuenosAires,39,PrecioPromedioSesentaDiasTrigo,-0.16088929014460926,3.4061817256010586e-19
18,PromedioIncendiosMensualesBuenosAires,40,PrecioPromedioNoventaDiasTrigo,-0.1490479512599174,1.1527588867734933e-16
18,PromedioIncendiosMensualesBuenosAires,41,PrecioRealDiaSiguiente,-0.15076962220108434,5.0843929590238466e-17
19,PromedioIncendioMensualesCordoba,21,VariacionTrigoTresDia,-0.012041002704398434,0.5055214590722097
19,PromedioIncendioMensualesCordoba,22,VariacionTrigoSieteDias,-0.005984534719257837,0.7407080803001547
19,PromedioIncendioMensualesCordoba,23,LluviaAcumuladaSieteDiasSantaFe,0.004117291662533399,0.8199065047142049
19,PromedioIncendioMensualesCordoba,24,LluviaDiariaAcumuladaSieteDiasBuenosAires,0.007117942389694998,0.6938843342983085
19,PromedioIncendioMensualesCordoba,25,LluviaDiariaAcumuladaSieteDiasCordoba,-0.008541817237985925,0.636694440662907
19,PromedioIncendioMensualesCordoba,26,LluviaDiariaAcumuladaSieteDiasSantaFe,nan,1.0
19,PromedioIncendioMensualesCordoba,27,LluviaDiariaAcumuladaSieteDiasBuenosAires.1,0.007117942389694998,0.6938843342983085
19,PromedioIncendioMensualesCordoba,28,LluviaDiariaAcumuladaSieteDiasCordoba.1,-0.008541817237985925,0.636694440662907
19,PromedioIncendioMensualesCordoba,29,LluviaDiariaAcumuladaTreintaDiasSantaFe,nan,1.0
19,PromedioIncendioMensualesCordoba,30,LluviaDiariaAcumuladaTreintaDiasBuenosAires,-0.0010839153319331478,0.95220760043155
19,PromedioIncendioMensualesCordoba,31,LluviaDiariaAcumuladaTreintaDiasCordoba,-0.047027943416310884,0.009272673857116555
19,PromedioIncendioMensualesCordoba,32,LluviaDiariaAcumuladaCuarentaCincoDiasSantaFe,nan,1.0
19,PromedioIncendioMensualesCordoba,33,LluviaDiariaAcumuladaCuarentaCincoDiasBuenosAires,-0.020485460022584327,0.25727492716942846
19,PromedioIncendioMensualesCordoba,34,LluviaDiariaAcumuladaCuarentaCincoDiasCordoba,-0.05660717387801303,0.0017327326763788456
19,PromedioIncendioMensualesCordoba,35,LluviaDiariaAcumuladaSesentaDiasSantaFe,nan,1.0
19,PromedioIncendioMensualesCordoba,36,LluviaDiariaAcumuladaSesentaDiasBuenosAires,-0.012108411106960697,0.5031414537036951
19,PromedioIncendioMensualesCordoba,37,LluviaDiariaAcumuladaSesentaDiasCordoba,-0.06227104174895355,0.0005676852448853239
19,PromedioIncendioMensualesCordoba,38,PrecioPromedioTreintaDiasTrigo,nan,1.0
19,PromedioIncendioMensualesCordoba,39,PrecioPromedioSesentaDiasTrigo,-0.3343875580876392,7.862081665091483e-81
19,PromedioIncendioMensualesCordoba,40,PrecioPromedioNoventaDiasTrigo,-0.34743885599787955,1.557665208735617e-87
19,PromedioIncendioMensualesCordoba,41,PrecioRealDiaSiguiente,-0.35352560144923184,9.015742371637735e-91
20,VariacionTrigoDiaAnterior,22,VariacionTrigoSieteDias,0.7914725742544759,0.0
20,VariacionTrigoDiaAnterior,23,LluviaAcumuladaSieteDiasSantaFe,0.6590228576675797,0.0
20,VariacionTrigoDiaAnterior,24,LluviaDiariaAcumuladaSieteDiasBuenosAires,0.018887460415609285,0.2962684686037689
20,VariacionTrigoDiaAnterior,25,LluviaDiariaAcumuladaSieteDiasCordoba,0.017594106089010034,0.33058535256106847
20,VariacionTrigoDiaAnterior,26,LluviaDiariaAcumuladaSieteDiasSantaFe,nan,1.0
20,VariacionTrigoDiaAnterior,27,LluviaDiariaAcumuladaSieteDiasBuenosAires.1,0.018887460415609285,0.2962684686037689
20,VariacionTrigoDiaAnterior,28,LluviaDiariaAcumuladaSieteDiasCordoba.1,0.017594106089010034,0.33058535256106847
20,VariacionTrigoDiaAnterior,29,LluviaDiariaAcumuladaTreintaDiasSantaFe,nan,1.0
20,VariacionTrigoDiaAnterior,30,LluviaDiariaAcumuladaTreintaDiasBuenosAires,0.002628082996538696,0.8844588393900485
20,VariacionTrigoDiaAnterior,31,LluviaDiariaAcumuladaTreintaDiasCordoba,0.0028379440183427308,0.8753051536573782
20,VariacionTrigoDiaAnterior,32,LluviaDiariaAcumuladaCuarentaCincoDiasSantaFe,nan,1.0
20,VariacionTrigoDiaAnterior,33,LluviaDiariaAcumuladaCuarentaCincoDiasBuenosAires,0.004279468560959151,0.8129416205544795
20,VariacionTrigoDiaAnterior,34,LluviaDiariaAcumuladaCuarentaCincoDiasCordoba,0.006638534928049138,0.7135596337163005
20,VariacionTrigoDiaAnterior,35,LluviaDiariaAcumuladaSesentaDiasSantaFe,nan,1.0
20,VariacionTrigoDiaAnterior,36,LluviaDiariaAcumuladaSesentaDiasBuenosAires,0.012288066692682918,0.496827321111863
20,VariacionTrigoDiaAnterior,37,LluviaDiariaAcumuladaSesentaDiasCordoba,0.008682793070969114,0.6311412224611548
20,VariacionTrigoDiaAnterior,38,PrecioPromedioTreintaDiasTrigo,nan,1.0
20,VariacionTrigoDiaAnterior,39,PrecioPromedioSesentaDiasTrigo,-0.07482105392966357,3.4277227817464076e-05
20,VariacionTrigoDiaAnterior,40,PrecioPromedioNoventaDiasTrigo,-0.057616017598500206,0.0014300944343373604
20,VariacionTrigoDiaAnterior,41,PrecioRealDiaSiguiente,-0.0750146643170845,3.270503854846977e-05
21,VariacionTrigoTresDia,23,LluviaAcumuladaSieteDiasSantaFe,0.889762957216412,0.0
21,VariacionTrigoTresDia,24,LluviaDiariaAcumuladaSieteDiasBuenosAires,0.009665231417102994,0.5930314641717587
21,VariacionTrigoTresDia,25,LluviaDiariaAcumuladaSieteDiasCordoba,0.028658493326374785,0.11296921244194363
21,VariacionTrigoTresDia,26,LluviaDiariaAcumuladaSieteDiasSantaFe,nan,1.0
21,VariacionTrigoTresDia,27,LluviaDiariaAcumuladaSieteDiasBuenosAires.1,0.009665231417102994,0.5930314641717587
21,VariacionTrigoTresDia,28,LluviaDiariaAcumuladaSieteDiasCordoba.1,0.028658493326374785,0.11296921244194363
21,VariacionTrigoTresDia,29,LluviaDiariaAcumuladaTreintaDiasSantaFe,nan,1.0
21,VariacionTrigoTresDia,30,LluviaDiariaAcumuladaTreintaDiasBuenosAires,0.008615596146435001,0.6337856247949529
21,VariacionTrigoTresDia,31,LluviaDiariaAcumuladaTreintaDiasCordoba,0.004051890441422086,0.822719295166055
21,VariacionTrigoTresDia,32,LluviaDiariaAcumuladaCuarentaCincoDiasSantaFe,nan,1.0
21,VariacionTrigoTresDia,33,LluviaDiariaAcumuladaCuarentaCincoDiasBuenosAires,0.008933500061918488,0.62131694624315
21,VariacionTrigoTresDia,34,LluviaDiariaAcumuladaCuarentaCincoDiasCordoba,0.011608805334789593,0.5209208178794387
21,VariacionTrigoTresDia,35,LluviaDiariaAcumuladaSesentaDiasSantaFe,nan,1.0
21,VariacionTrigoTresDia,36,LluviaDiariaAcumuladaSesentaDiasBuenosAires,0.021134108348548827,0.242510827848096
21,VariacionTrigoTresDia,37,LluviaDiariaAcumuladaSesentaDiasCordoba,0.01173202826093183,0.5165058607459752
21,VariacionTrigoTresDia,38,PrecioPromedioTreintaDiasTrigo,nan,1.0
21,VariacionTrigoTresDia,39,PrecioPromedioSesentaDiasTrigo,-0.08779745475466466,1.149636841482549e-06
21,VariacionTrigoTresDia,40,PrecioPromedioNoventaDiasTrigo,-0.06316181017046729,0.0004722850158160423
21,VariacionTrigoTresDia,41,PrecioRealDiaSiguiente,-0.09483515400246596,1.4744109742100162e-07
22,VariacionTrigoSieteDias,24,LluviaDiariaAcumuladaSieteDiasBuenosAires,0.000724801337704597,0.968031217935538
22,VariacionTrigoSieteDias,25,LluviaDiariaAcumuladaSieteDiasCordoba,0.0280105044714661,0.12134917140041163
22,VariacionTrigoSieteDias,26,LluviaDiariaAcumuladaSieteDiasSantaFe,nan,1.0
22,VariacionTrigoSieteDias,27,LluviaDiariaAcumuladaSieteDiasBuenosAires.1,0.000724801337704597,0.968031217935538
22,VariacionTrigoSieteDias,28,LluviaDiariaAcumuladaSieteDiasCordoba.1,0.0280105044714661,0.12134917140041163
22,VariacionTrigoSieteDias,29,LluviaDiariaAcumuladaTreintaDiasSantaFe,nan,1.0
22,VariacionTrigoSieteDias,30,LluviaDiariaAcumuladaTreintaDiasBuenosAires,0.008705366404330743,0.6302539492317657
22,VariacionTrigoSieteDias,31,LluviaDiariaAcumuladaTreintaDiasCordoba,0.0010690459716459501,0.9528624575922616
22,VariacionTrigoSieteDias,32,LluviaDiariaAcumuladaCuarentaCincoDiasSantaFe,nan,1.0
22,VariacionTrigoSieteDias,33,LluviaDiariaAcumuladaCuarentaCincoDiasBuenosAires,0.009376334257978847,0.6041285284267794
22,VariacionTrigoSieteDias,34,LluviaDiariaAcumuladaCuarentaCincoDiasCordoba,0.012673348664264625,0.4834298868266481
22,VariacionTrigoSieteDias,35,LluviaDiariaAcumuladaSesentaDiasSantaFe,nan,1.0
22,VariacionTrigoSieteDias,36,LluviaDiariaAcumuladaSesentaDiasBuenosAires,0.02619346729239462,0.14744721370863922
22,VariacionTrigoSieteDias,37,LluviaDiariaAcumuladaSesentaDiasCordoba,0.015231940506718665,0.3996234553819904
22,VariacionTrigoSieteDias,38,PrecioPromedioTreintaDiasTrigo,nan,1.0
22,VariacionTrigoSieteDias,39,PrecioPromedioSesentaDiasTrigo,-0.09257729107408348,2.8966507802240456e-07
22,VariacionTrigoSieteDias,40,PrecioPromedioNoventaDiasTrigo,-0.05053212348581972,0.005174850940616552
22,VariacionTrigoSieteDias,41,PrecioRealDiaSiguiente,-0.06391489082090807,0.0004035214291409992
23,LluviaAcumuladaSieteDiasSantaFe,25,LluviaDiariaAcumuladaSieteDiasCordoba,0.5087398129471391,3.706946174479257e-201
23,LluviaAcumuladaSieteDiasSantaFe,26,LluviaDiariaAcumuladaSieteDiasSantaFe,nan,1.0
23,LluviaAcumuladaSieteDiasSantaFe,27,LluviaDiariaAcumuladaSieteDiasBuenosAires.1,1.0,0.0
23,LluviaAcumuladaSieteDiasSantaFe,28,LluviaDiariaAcumuladaSieteDiasCordoba.1,0.5087398129471391,3.706946174479257e-201
23,LluviaAcumuladaSieteDiasSantaFe,29,LluviaDiariaAcumuladaTreintaDiasSantaFe,nan,1.0
23,LluviaAcumuladaSieteDiasSantaFe,30,LluviaDiariaAcumuladaTreintaDiasBuenosAires,0.5678429157109228,8.285491831755947e-261
23,LluviaAcumuladaSieteDiasSantaFe,31,LluviaDiariaAcumuladaTreintaDiasCordoba,0.4244247017055098,4.38242730025672e-134
23,LluviaAcumuladaSieteDiasSantaFe,32,LluviaDiariaAcumuladaCuarentaCincoDiasSantaFe,nan,1.0
23,LluviaAcumuladaSieteDiasSantaFe,33,LluviaDiariaAcumuladaCuarentaCincoDiasBuenosAires,0.4938051905302141,7.284615948267096e-188
23,LluviaAcumuladaSieteDiasSantaFe,34,LluviaDiariaAcumuladaCuarentaCincoDiasCordoba,0.38506815891210805,9.969482987650603e-109
23,LluviaAcumuladaSieteDiasSantaFe,35,LluviaDiariaAcumuladaSesentaDiasSantaFe,nan,1.0
23,LluviaAcumuladaSieteDiasSantaFe,36,LluviaDiariaAcumuladaSesentaDiasBuenosAires,0.4401662825867605,3.2373895180220976e-145
23,LluviaAcumuladaSieteDiasSantaFe,37,LluviaDiariaAcumuladaSesentaDiasCordoba,0.3610611148666007,7.028361065751534e-95
23,LluviaAcumuladaSieteDiasSantaFe,38,PrecioPromedioTreintaDiasTrigo,nan,1.0
23,LluviaAcumuladaSieteDiasSantaFe,39,PrecioPromedioSesentaDiasTrigo,-0.010949652194581971,0.5448630949638926
23,LluviaAcumuladaSieteDiasSantaFe,40,PrecioPromedioNoventaDiasTrigo,-0.015314710205850544,0.39706678281967767
23,LluviaAcumuladaSieteDiasSantaFe,41,PrecioRealDiaSiguiente,0.010873548722293626,0.5476621562287647
24,LluviaDiariaAcumuladaSieteDiasBuenosAires,26,LluviaDiariaAcumuladaSieteDiasSantaFe,nan,1.0
24,LluviaDiariaAcumuladaSieteDiasBuenosAires,27,LluviaDiariaAcumuladaSieteDiasBuenosAires.1,0.5087398129471391,3.706946174479257e-201
24,LluviaDiariaAcumuladaSieteDiasBuenosAires,28,LluviaDiariaAcumuladaSieteDiasCordoba.1,1.0,0.0
24,LluviaDiariaAcumuladaSieteDiasBuenosAires,29,LluviaDiariaAcumuladaTreintaDiasSantaFe,nan,1.0
24,LluviaDiariaAcumuladaSieteDiasBuenosAires,30,LluviaDiariaAcumuladaTreintaDiasBuenosAires,0.32099703631224685,2.767958489358797e-74
24,LluviaDiariaAcumuladaSieteDiasBuenosAires,31,LluviaDiariaAcumuladaTreintaDiasCordoba,0.5695586934159684,1.0038258743289691e-262
24,LluviaDiariaAcumuladaSieteDiasBuenosAires,32,LluviaDiariaAcumuladaCuarentaCincoDiasSantaFe,nan,1.0
24,LluviaDiariaAcumuladaSieteDiasBuenosAires,33,LluviaDiariaAcumuladaCuarentaCincoDiasBuenosAires,0.26822357229124805,1.4121636026902783e-51
24,LluviaDiariaAcumuladaSieteDiasBuenosAires,34,LluviaDiariaAcumuladaCuarentaCincoDiasCordoba,0.48121882749906963,3.664527805243238e-177
24,LluviaDiariaAcumuladaSieteDiasBuenosAires,35,LluviaDiariaAcumuladaSesentaDiasSantaFe,nan,1.0
24,LluviaDiariaAcumuladaSieteDiasBuenosAires,36,LluviaDiariaAcumuladaSesentaDiasBuenosAires,0.25584931880115724,6.225575678689316e-47
24,LluviaDiariaAcumuladaSieteDiasBuenosAires,37,LluviaDiariaAcumuladaSesentaDiasCordoba,0.44197545347341277,1.5584219047583757e-146
24,LluviaDiariaAcumuladaSieteDiasBuenosAires,38,PrecioPromedioTreintaDiasTrigo,nan,1.0
24,LluviaDiariaAcumuladaSieteDiasBuenosAires,39,PrecioPromedioSesentaDiasTrigo,-0.08581228222290467,1.99695832020963e-06
24,LluviaDiariaAcumuladaSieteDiasBuenosAires,40,PrecioPromedioNoventaDiasTrigo,-0.08149725145831262,6.3654312640801115e-06
24,LluviaDiariaAcumuladaSieteDiasBuenosAires,41,PrecioRealDiaSiguiente,-0.06479071228447181,0.000335339818669699
25,LluviaDiariaAcumuladaSieteDiasCordoba,27,LluviaDiariaAcumuladaSieteDiasBuenosAires.1,nan,1.0
25,LluviaDiariaAcumuladaSieteDiasCordoba,28,LluviaDiariaAcumuladaSieteDiasCordoba.1,nan,1.0
25,LluviaDiariaAcumuladaSieteDiasCordoba,29,LluviaDiariaAcumuladaTreintaDiasSantaFe,nan,1.0
25,LluviaDiariaAcumuladaSieteDiasCordoba,30,LluviaDiariaAcumuladaTreintaDiasBuenosAires,nan,1.0
25,LluviaDiariaAcumuladaSieteDiasCordoba,31,LluviaDiariaAcumuladaTreintaDiasCordoba,nan,1.0
25,LluviaDiariaAcumuladaSieteDiasCordoba,32,LluviaDiariaAcumuladaCuarentaCincoDiasSantaFe,nan,1.0
25,LluviaDiariaAcumuladaSieteDiasCordoba,33,LluviaDiariaAcumuladaCuarentaCincoDiasBuenosAires,nan,1.0
25,LluviaDiariaAcumuladaSieteDiasCordoba,34,LluviaDiariaAcumuladaCuarentaCincoDiasCordoba,nan,1.0
25,LluviaDiariaAcumuladaSieteDiasCordoba,35,LluviaDiariaAcumuladaSesentaDiasSantaFe,nan,1.0
25,LluviaDiariaAcumuladaSieteDiasCordoba,36,LluviaDiariaAcumuladaSesentaDiasBuenosAires,nan,1.0
25,LluviaDiariaAcumuladaSieteDiasCordoba,37,LluviaDiariaAcumuladaSesentaDiasCordoba,nan,1.0
25,LluviaDiariaAcumuladaSieteDiasCordoba,38,PrecioPromedioTreintaDiasTrigo,nan,1.0
25,LluviaDiariaAcumuladaSieteDiasCordoba,39,PrecioPromedioSesentaDiasTrigo,nan,1.0
25,LluviaDiariaAcumuladaSieteDiasCordoba,40,PrecioPromedioNoventaDiasTrigo,nan,1.0
25,LluviaDiariaAcumuladaSieteDiasCordoba,41,PrecioRealDiaSiguiente,nan,1.0
26,LluviaDiariaAcumuladaSieteDiasSantaFe,28,LluviaDiariaAcumuladaSieteDiasCordoba.1,0.5087398129471391,3.706946174479257e-201
26,LluviaDiariaAcumuladaSieteDiasSantaFe,29,LluviaDiariaAcumuladaTreintaDiasSantaFe,nan,1.0
26,LluviaDiariaAcumuladaSieteDiasSantaFe,30,LluviaDiariaAcumuladaTreintaDiasBuenosAires,0.5678429157109228,8.285491831755947e-261
26,LluviaDiariaAcumuladaSieteDiasSantaFe,31,LluviaDiariaAcumuladaTreintaDiasCordoba,0.4244247017055098,4.38242730025672e-134
26,LluviaDiariaAcumuladaSieteDiasSantaFe,32,LluviaDiariaAcumuladaCuarentaCincoDiasSantaFe,nan,1.0
26,LluviaDiariaAcumuladaSieteDiasSantaFe,33,LluviaDiariaAcumuladaCuarentaCincoDiasBuenosAires,0.4938051905302141,7.284615948267096e-188
26,LluviaDiariaAcumuladaSieteDiasSantaFe,34,LluviaDiariaAcumuladaCuarentaCincoDiasCordoba,0.38506815891210805,9.969482987650603e-109
26,LluviaDiariaAcumuladaSieteDiasSantaFe,35,LluviaDiariaAcumuladaSesentaDiasSantaFe,nan,1.0
26,LluviaDiariaAcumuladaSieteDiasSantaFe,36,LluviaDiariaAcumuladaSesentaDiasBuenosAires,0.4401662825867605,3.2373895180220976e-145
26,LluviaDiariaAcumuladaSieteDiasSantaFe,37,LluviaDiariaAcumuladaSesentaDiasCordoba,0.3610611148666007,7.028361065751534e-95
26,LluviaDiariaAcumuladaSieteDiasSantaFe,38,PrecioPromedioTreintaDiasTrigo,nan,1.0
26,LluviaDiariaAcumuladaSieteDiasSantaFe,39,PrecioPromedioSesentaDiasTrigo,-0.010949652194581971,0.5448630949638926
26,LluviaDiariaAcumuladaSieteDiasSantaFe,40,PrecioPromedioNoventaDiasTrigo,-0.015314710205850544,0.39706678281967767
26,LluviaDiariaAcumuladaSieteDiasSantaFe,41,PrecioRealDiaSiguiente,0.010873548722293626,0.5476621562287647
27,LluviaDiariaAcumuladaSieteDiasBuenosAires.1,29,LluviaDiariaAcumuladaTreintaDiasSantaFe,nan,1.0
27,LluviaDiariaAcumuladaSieteDiasBuenosAires.1,30,LluviaDiariaAcumuladaTreintaDiasBuenosAires,0.32099703631224685,2.767958489358797e-74
27,LluviaDiariaAcumuladaSieteDiasBuenosAires.1,31,LluviaDiariaAcumuladaTreintaDiasCordoba,0.5695586934159684,1.0038258743289691e-262
27,LluviaDiariaAcumuladaSieteDiasBuenosAires.1,32,LluviaDiariaAcumuladaCuarentaCincoDiasSantaFe,nan,1.0
27,LluviaDiariaAcumuladaSieteDiasBuenosAires.1,33,LluviaDiariaAcumuladaCuarentaCincoDiasBuenosAires,0.26822357229124805,1.4121636026902783e-51
27,LluviaDiariaAcumuladaSieteDiasBuenosAires.1,34,LluviaDiariaAcumuladaCuarentaCincoDiasCordoba,0.48121882749906963,3.664527805243238e-177
27,LluviaDiariaAcumuladaSieteDiasBuenosAires.1,35,LluviaDiariaAcumuladaSesentaDiasSantaFe,nan,1.0
27,LluviaDiariaAcumuladaSieteDiasBuenosAires.1,36,LluviaDiariaAcumuladaSesentaDiasBuenosAires,0.25584931880115724,6.225575678689316e-47
27,LluviaDiariaAcumuladaSieteDiasBuenosAires.1,37,LluviaDiariaAcumuladaSesentaDiasCordoba,0.44197545347341277,1.5584219047583757e-146
27,LluviaDiariaAcumuladaSieteDiasBuenosAires.1,38,PrecioPromedioTreintaDiasTrigo,nan,1.0
27,LluviaDiariaAcumuladaSieteDiasBuenosAires.1,39,PrecioPromedioSesentaDiasTrigo,-0.08581228222290467,1.99695832020963e-06
27,LluviaDiariaAcumuladaSieteDiasBuenosAires.1,40,PrecioPromedioNoventaDiasTrigo,-0.08149725145831262,6.3654312640801115e-06
27,LluviaDiariaAcumuladaSieteDiasBuenosAires.1,41,PrecioRealDiaSiguiente,-0.06479071228447181,0.000335339818669699
28,LluviaDiariaAcumuladaSieteDiasCordoba.1,30,LluviaDiariaAcumuladaTreintaDiasBuenosAires,nan,1.0
28,LluviaDiariaAcumuladaSieteDiasCordoba.1,31,LluviaDiariaAcumuladaTreintaDiasCordoba,nan,1.0
28,LluviaDiariaAcumuladaSieteDiasCordoba.1,32,LluviaDiariaAcumuladaCuarentaCincoDiasSantaFe,nan,1.0
28,LluviaDiariaAcumuladaSieteDiasCordoba.1,33,LluviaDiariaAcumuladaCuarentaCincoDiasBuenosAires,nan,1.0
28,LluviaDiariaAcumuladaSieteDiasCordoba.1,34,LluviaDiariaAcumuladaCuarentaCincoDiasCordoba,nan,1.0
28,LluviaDiariaAcumuladaSieteDiasCordoba.1,35,LluviaDiariaAcumuladaSesentaDiasSantaFe,nan,1.0
28,LluviaDiariaAcumuladaSieteDiasCordoba.1,36,LluviaDiariaAcumuladaSesentaDiasBuenosAires,nan,1.0
28,LluviaDiariaAcumuladaSieteDiasCordoba.1,37,LluviaDiariaAcumuladaSesentaDiasCordoba,nan,1.0
28,LluviaDiariaAcumuladaSieteDiasCordoba.1,38,PrecioPromedioTreintaDiasTrigo,nan,1.0
28,LluviaDiariaAcumuladaSieteDiasCordoba.1,39,PrecioPromedioSesentaDiasTrigo,nan,1.0
28,LluviaDiariaAcumuladaSieteDiasCordoba.1,40,PrecioPromedioNoventaDiasTrigo,nan,1.0
28,LluviaDiariaAcumuladaSieteDiasCordoba.1,41,PrecioRealDiaSiguiente,nan,1.0
29,LluviaDiariaAcumuladaTreintaDiasSantaFe,31,LluviaDiariaAcumuladaTreintaDiasCordoba,0.6847320815382096,0.0
29,LluviaDiariaAcumuladaTreintaDiasSantaFe,32,LluviaDiariaAcumuladaCuarentaCincoDiasSantaFe,nan,1.0
29,LluviaDiariaAcumuladaTreintaDiasSantaFe,33,LluviaDiariaAcumuladaCuarentaCincoDiasBuenosAires,0.8783595368654639,0.0
29,LluviaDiariaAcumuladaTreintaDiasSantaFe,34,LluviaDiariaAcumuladaCuarentaCincoDiasCordoba,0.6526143949867395,0.0
29,LluviaDiariaAcumuladaTreintaDiasSantaFe,35,LluviaDiariaAcumuladaSesentaDiasSantaFe,nan,1.0
29,LluviaDiariaAcumuladaTreintaDiasSantaFe,36,LluviaDiariaAcumuladaSesentaDiasBuenosAires,0.8041128118527541,0.0
29,LluviaDiariaAcumuladaTreintaDiasSantaFe,37,LluviaDiariaAcumuladaSesentaDiasCordoba,0.6155558295588446,1.27076e-318
29,LluviaDiariaAcumuladaTreintaDiasSantaFe,38,PrecioPromedioTreintaDiasTrigo,nan,1.0
29,LluviaDiariaAcumuladaTreintaDiasSantaFe,39,PrecioPromedioSesentaDiasTrigo,0.01101327234618057,0.5425286287092677
29,LluviaDiariaAcumuladaTreintaDiasSantaFe,40,PrecioPromedioNoventaDiasTrigo,0.004785741043107321,0.7912964595803136
29,LluviaDiariaAcumuladaTreintaDiasSantaFe,41,PrecioRealDiaSiguiente,0.01235993298985182,0.49431339652069284
30,LluviaDiariaAcumuladaTreintaDiasBuenosAires,32,LluviaDiariaAcumuladaCuarentaCincoDiasSantaFe,nan,1.0
30,LluviaDiariaAcumuladaTreintaDiasBuenosAires,33,LluviaDiariaAcumuladaCuarentaCincoDiasBuenosAires,0.5981273464019109,2.2656322065074349e-296
30,LluviaDiariaAcumuladaTreintaDiasBuenosAires,34,LluviaDiariaAcumuladaCuarentaCincoDiasCordoba,0.8757601676762755,0.0
30,LluviaDiariaAcumuladaTreintaDiasBuenosAires,35,LluviaDiariaAcumuladaSesentaDiasSantaFe,nan,1.0
30,LluviaDiariaAcumuladaTreintaDiasBuenosAires,36,LluviaDiariaAcumuladaSesentaDiasBuenosAires,0.5536517612637423,2.221708215188532e-245
30,LluviaDiariaAcumuladaTreintaDiasBuenosAires,37,LluviaDiariaAcumuladaSesentaDiasCordoba,0.7938547696948993,0.0
30,LluviaDiariaAcumuladaTreintaDiasBuenosAires,38,PrecioPromedioTreintaDiasTrigo,nan,1.0
30,LluviaDiariaAcumuladaTreintaDiasBuenosAires,39,PrecioPromedioSesentaDiasTrigo,-0.10403074729868929,8.021720886768865e-09
30,LluviaDiariaAcumuladaTreintaDiasBuenosAires,40,PrecioPromedioNoventaDiasTrigo,-0.10039979114821258,2.6119153829036537e-08
30,LluviaDiariaAcumuladaTreintaDiasBuenosAires,41,PrecioRealDiaSiguiente,-0.07013601396844334,0.00010320548659899983
31,LluviaDiariaAcumuladaTreintaDiasCordoba,33,LluviaDiariaAcumuladaCuarentaCincoDiasBuenosAires,nan,1.0
31,LluviaDiariaAcumuladaTreintaDiasCordoba,34,LluviaDiariaAcumuladaCuarentaCincoDiasCordoba,nan,1.0
31,LluviaDiariaAcumuladaTreintaDiasCordoba,35,LluviaDiariaAcumuladaSesentaDiasSantaFe,nan,1.0
31,LluviaDiariaAcumuladaTreintaDiasCordoba,36,LluviaDiariaAcumuladaSesentaDiasBuenosAires,nan,1.0
31,LluviaDiariaAcumuladaTreintaDiasCordoba,37,LluviaDiariaAcumuladaSesentaDiasCordoba,nan,1.0
31,LluviaDiariaAcumuladaTreintaDiasCordoba,38,PrecioPromedioTreintaDiasTrigo,nan,1.0
31,LluviaDiariaAcumuladaTreintaDiasCordoba,39,PrecioPromedioSesentaDiasTrigo,nan,1.0
31,LluviaDiariaAcumuladaTreintaDiasCordoba,40,PrecioPromedioNoventaDiasTrigo,nan,1.0
31,LluviaDiariaAcumuladaTreintaDiasCordoba,41,PrecioRealDiaSiguiente,nan,1.0
32,LluviaDiariaAcumuladaCuarentaCincoDiasSantaFe,34,LluviaDiariaAcumuladaCuarentaCincoDiasCordoba,0.7124653727840973,0.0
32,LluviaDiariaAcumuladaCuarentaCincoDiasSantaFe,35,LluviaDiariaAcumuladaSesentaDiasSantaFe,nan,1.0
32,LluviaDiariaAcumuladaCuarentaCincoDiasSantaFe,36,LluviaDiariaAcumuladaSesentaDiasBuenosAires,0.9258932391020263,0.0
32,LluviaDiariaAcumuladaCuarentaCincoDiasSantaFe,37,LluviaDiariaAcumuladaSesentaDiasCordoba,0.6973409773070416,0.0
32,LluviaDiariaAcumuladaCuarentaCincoDiasSantaFe,38,PrecioPromedioTreintaDiasTrigo,nan,1.0
32,LluviaDiariaAcumuladaCuarentaCincoDiasSantaFe,39,PrecioPromedioSesentaDiasTrigo,0.01703289138897816,0.3462457057871008
32,LluviaDiariaAcumuladaCuarentaCincoDiasSantaFe,40,PrecioPromedioNoventaDiasTrigo,0.004487016248006677,0.8040498311317841
32,LluviaDiariaAcumuladaCuarentaCincoDiasSantaFe,41,PrecioRealDiaSiguiente,0.007045000248105479,0.6968650662238113
33,LluviaDiariaAcumuladaCuarentaCincoDiasBuenosAires,35,LluviaDiariaAcumuladaSesentaDiasSantaFe,nan,1.0
33,LluviaDiariaAcumuladaCuarentaCincoDiasBuenosAires,36,LluviaDiariaAcumuladaSesentaDiasBuenosAires,0.6677905719028145,0.0
33,LluviaDiariaAcumuladaCuarentaCincoDiasBuenosAires,37,LluviaDiariaAcumuladaSesentaDiasCordoba,0.91863107765549,0.0
33,LluviaDiariaAcumuladaCuarentaCincoDiasBuenosAires,38,PrecioPromedioTreintaDiasTrigo,nan,1.0
33,LluviaDiariaAcumuladaCuarentaCincoDiasBuenosAires,39,PrecioPromedioSesentaDiasTrigo,-0.09681580416483337,8.049895032097316e-08
33,LluviaDiariaAcumuladaCuarentaCincoDiasBuenosAires,40,PrecioPromedioNoventaDiasTrigo,-0.10382177645437682,8.59511923805432e-09
33,LluviaDiariaAcumuladaCuarentaCincoDiasBuenosAires,41,PrecioRealDiaSiguiente,-0.08328685842613329,3.962573637506906e-06
34,LluviaDiariaAcumuladaCuarentaCincoDiasCordoba,36,LluviaDiariaAcumuladaSesentaDiasBuenosAires,nan,1.0
34,LluviaDiariaAcumuladaCuarentaCincoDiasCordoba,37,LluviaDiariaAcumuladaSesentaDiasCordoba,nan,1.0
34,LluviaDiariaAcumuladaCuarentaCincoDiasCordoba,38,PrecioPromedioTreintaDiasTrigo,nan,1.0
34,LluviaDiariaAcumuladaCuarentaCincoDiasCordoba,39,PrecioPromedioSesentaDiasTrigo,nan,1.0
34,LluviaDiariaAcumuladaCuarentaCincoDiasCordoba,40,PrecioPromedioNoventaDiasTrigo,nan,1.0
34,LluviaDiariaAcumuladaCuarentaCincoDiasCordoba,41,PrecioRealDiaSiguiente,nan,1.0
35,LluviaDiariaAcumuladaSesentaDiasSantaFe,37,LluviaDiariaAcumuladaSesentaDiasCordoba,0.7405188108892632,0.0
35,LluviaDiariaAcumuladaSesentaDiasSantaFe,38,PrecioPromedioTreintaDiasTrigo,nan,1.0
35,LluviaDiariaAcumuladaSesentaDiasSantaFe,39,PrecioPromedioSesentaDiasTrigo,0.01614629684582505,0.37193092733772126
35,LluviaDiariaAcumuladaSesentaDiasSantaFe,40,PrecioPromedioNoventaDiasTrigo,-0.00102728101106445,0.9547019847871011
35,LluviaDiariaAcumuladaSesentaDiasSantaFe,41,PrecioRealDiaSiguiente,-0.004022943593614287,0.8239649773193567
36,LluviaDiariaAcumuladaSesentaDiasBuenosAires,38,PrecioPromedioTreintaDiasTrigo,nan,1.0
36,LluviaDiariaAcumuladaSesentaDiasBuenosAires,39,PrecioPromedioSesentaDiasTrigo,-0.0971074162295552,7.356214937375943e-08
36,LluviaDiariaAcumuladaSesentaDiasBuenosAires,40,PrecioPromedioNoventaDiasTrigo,-0.10979944650154473,1.1309173424206932e-09
36,LluviaDiariaAcumuladaSesentaDiasBuenosAires,41,PrecioRealDiaSiguiente,-0.09788255071523361,5.782004672775835e-08
37,LluviaDiariaAcumuladaSesentaDiasCordoba,39,PrecioPromedioSesentaDiasTrigo,nan,1.0
37,LluviaDiariaAcumuladaSesentaDiasCordoba,40,PrecioPromedioNoventaDiasTrigo,nan,1.0
37,LluviaDiariaAcumuladaSesentaDiasCordoba,41,PrecioRealDiaSiguiente,nan,1.0
38,PrecioPromedioTreintaDiasTrigo,40,PrecioPromedioNoventaDiasTrigo,0.9332857633806062,0.0
38,PrecioPromedioTreintaDiasTrigo,41,PrecioRealDiaSiguiente,0.8383617167146848,0.0
39,PrecioPromedioSesentaDiasTrigo,41,PrecioRealDiaSiguiente,0.9095138165149738,0.0
